-- phpMyAdmin SQL Dump
-- version 4.8.4
-- https://www.phpmyadmin.net/
--
-- Host: 127.0.0.1
-- Generation Time: Mar 13, 2020 at 10:35 AM
-- Server version: 10.1.16-MariaDB
-- PHP Version: 7.3.0

SET SQL_MODE = "NO_AUTO_VALUE_ON_ZERO";
SET AUTOCOMMIT = 0;
START TRANSACTION;
SET time_zone = "+00:00";


/*!40101 SET @OLD_CHARACTER_SET_CLIENT=@@CHARACTER_SET_CLIENT */;
/*!40101 SET @OLD_CHARACTER_SET_RESULTS=@@CHARACTER_SET_RESULTS */;
/*!40101 SET @OLD_COLLATION_CONNECTION=@@COLLATION_CONNECTION */;
/*!40101 SET NAMES utf8mb4 */;

--
-- Database: `dev_cicmonitoring`
--

DELIMITER $$
--
-- Procedures
--
CREATE DEFINER=`root`@`localhost` PROCEDURE `insert_year_dates` ()  MODIFIES SQL DATA
BEGIN 
	SET @start_date = (SELECT MAKEDATE(EXTRACT(YEAR FROM MAKEDATE(EXTRACT(YEAR FROM DATE_ADD(CURDATE(), INTERVAL 1 YEAR) ),1)),1));
    SET @t_current = @start_date; 
    SET @t_end = DATE_ADD(@start_date, INTERVAL 1 YEAR); 
    WHILE(@t_current< @t_end) DO 
        INSERT INTO sys_activedate(datedesc) VALUES (@t_current); 
        SET @t_current = DATE_ADD(@t_current, INTERVAL 1 DAY); 
    END WHILE; 
END$$

DELIMITER ;

-- --------------------------------------------------------

--
-- Table structure for table `admin`
--

CREATE TABLE `admin` (
  `adBarcode` varchar(100) NOT NULL,
  `adDescription` varchar(100) NOT NULL,
  `adDate` varchar(100) NOT NULL,
  `adGrouping` varchar(100) NOT NULL,
  `adSOH` int(11) NOT NULL,
  `adSO` int(11) NOT NULL,
  `adParentId` int(11) NOT NULL,
  `adReceving` int(11) NOT NULL,
  `adIA` int(11) NOT NULL,
  `adSA` int(11) NOT NULL,
  `adWA` int(11) NOT NULL,
  `adVariance` int(11) NOT NULL,
  `adStatus` varchar(10) NOT NULL,
  `remarks` varchar(200) NOT NULL,
  `remarks2` varchar(100) NOT NULL,
  `supplier` varchar(100) NOT NULL,
  `adcount` int(11) NOT NULL,
  `adcategory` varchar(100) NOT NULL
) ENGINE=InnoDB DEFAULT CHARSET=latin1;

-- --------------------------------------------------------

--
-- Table structure for table `inv_batch`
--

CREATE TABLE `inv_batch` (
  `batchid` int(11) NOT NULL,
  `batchname` varchar(100) NOT NULL,
  `batchdate` varchar(100) NOT NULL,
  `user` int(11) NOT NULL,
  `recordstatus` tinyint(4) NOT NULL,
  `groupid` tinyint(4) NOT NULL,
  `filereference` varchar(100) NOT NULL,
  `countperyear` int(11) NOT NULL,
  `storeid` int(11) NOT NULL
) ENGINE=InnoDB DEFAULT CHARSET=latin1;

--
-- Dumping data for table `inv_batch`
--

INSERT INTO `inv_batch` (`batchid`, `batchname`, `batchdate`, `user`, `recordstatus`, `groupid`, `filereference`, `countperyear`, `storeid`) VALUES
(1, 'CT-000 158', '2020-03-12', 1, 1, 3, 'files/ProductList.xlsx', 2, 119);

-- --------------------------------------------------------

--
-- Table structure for table `inv_batch_cancelled`
--

CREATE TABLE `inv_batch_cancelled` (
  `rowid` bigint(20) NOT NULL,
  `batchid` int(11) NOT NULL,
  `scheduledate` varchar(100) NOT NULL,
  `statusid` int(11) NOT NULL
) ENGINE=InnoDB DEFAULT CHARSET=latin1;

-- --------------------------------------------------------

--
-- Table structure for table `inv_masterproduct`
--

CREATE TABLE `inv_masterproduct` (
  `productid` bigint(20) NOT NULL,
  `barcode` varchar(100) NOT NULL,
  `description` varchar(200) NOT NULL,
  `uploaddate` text NOT NULL,
  `groupname` varchar(100) NOT NULL,
  `countperyear` tinyint(4) NOT NULL
) ENGINE=InnoDB DEFAULT CHARSET=latin1;

-- --------------------------------------------------------

--
-- Table structure for table `inv_product`
--

CREATE TABLE `inv_product` (
  `productid` bigint(20) NOT NULL,
  `barcode` varchar(100) NOT NULL,
  `description` varchar(100) NOT NULL,
  `inputdate` varchar(100) NOT NULL,
  `groups` varchar(100) NOT NULL,
  `batchid` int(11) NOT NULL
) ENGINE=InnoDB DEFAULT CHARSET=latin1;

--
-- Dumping data for table `inv_product`
--

INSERT INTO `inv_product` (`productid`, `barcode`, `description`, `inputdate`, `groups`, `batchid`) VALUES
(1, '5180100463082', 'MODULE ITEMS (CIP)', '2020-03-12', '3', 1),
(2, '6090100463038', '+PHILIPPINE STANDARD A-6803C DAKAK WC+LAV&PED DECORATIVE RED PACKAGE F2', '2020-03-12', '3', 1),
(3, '6090100463045', '+PHILIPPINE STANDARD A-6806C DAKAK WC+LAV&PED DECORATIVE BLUE  PACKAGE F2', '2020-03-12', '3', 1),
(4, '6090100463052', 'I-PHILIPPINE STANDARD K052 MINDORO WC+LAV WHITE PACKAGE F2', '2020-03-12', '3', 1),
(5, '6090100463069', 'I-PHILIPPINE STANDARD 819 PANGLAO WC+LAV  WHITE PACKAGE F2', '2020-03-12', '3', 1),
(6, '1090100463026', '+TILES NUVOGRES SIGNATURE GD 60X60 PILATES BB6229 RED', '2020-03-12', '3', 1),
(7, '1080100001335', 'TILE GROUT ABC BAG F10 CARMINE RED 2KL', '2020-03-12', '3', 1),
(8, '1080100001342', 'TILE GROUT ABC BAG F11 TERRA COTTA 2KL', '2020-03-12', '3', 1),
(9, '1080100001359', 'TILE GROUT ABC BAG F12 BLACK 2KL', '2020-03-12', '3', 1),
(10, '1080100001366', 'TILE GROUT ABC BAG F14 GREY 2KL', '2020-03-12', '3', 1),
(11, '1080100001373', 'TILE GROUT ABC BAG F15 WHITE 2KL', '2020-03-12', '3', 1),
(12, '1080100001380', 'TILE GROUT ABC BAG F17 OCHRE 2KL', '2020-03-12', '3', 1),
(13, '1080100001397', 'TILE GROUT ABC BAG F2 SANDEL 2KL', '2020-03-12', '3', 1),
(14, '1080100001403', 'TILE GROUT ABC BAG F20 DARK BROWN 2KL', '2020-03-12', '3', 1),
(15, '1090100109498', '+TILE TRIM PVC EI P0109 9MM DK.BLUE', '2020-03-12', '3', 1),
(16, '1090100109504', '+TILE TRIM PVC EI P0109 9MM LT.BEIGE', '2020-03-12', '3', 1),
(17, '1090100109511', '+TILE TRIM PVC EI P0109 9MM BLACK', '2020-03-12', '3', 1),
(18, '1090100109528', 'CART HB HBE-Y1522 1300X545X1000MM MULTI-FUNCTIONAL  W/ LID BLACK', '2020-03-12', '3', 1),
(19, '1090100109535', 'DISH PAN PLASTICFORTE 1149101 10 L RECTANGULAR WHITE', '2020-03-12', '3', 1),
(20, '1090100109542', 'DISH PAN PLASTICFORTE 1149136 10 L RECTANGULAR LIGHT GREY', '2020-03-12', '3', 1),
(21, '1090100109559', 'DISH PAN PLASTICFORTE 1149107 10 L RECTANGULAR RED', '2020-03-12', '3', 1),
(22, '1090100109566', 'DISH PAN PLASTICFORTE 1149123 10 L RECTANGULAR TOPO', '2020-03-12', '3', 1),
(23, '1090100109573', 'DISH DRAINER PLASTICFORTE LARGE 1152201 RECTANGULAR WHITE', '2020-03-12', '3', 1),
(24, '1090100109580', 'DISH DRAINER PLASTICFORTE LARGE 1152236 RECTANGULAR LIGHT GREY', '2020-03-12', '3', 1),
(25, '1090100109597', 'CUTLERY TRAY 1159736 PLASTICFORTE  LIGHT GREY', '2020-03-12', '3', 1),
(26, '1090100109603', 'CUTLERY TRAY 1159701 PLASTICFORTE WHITE', '2020-03-12', '3', 1),
(27, '1090100109610', 'CUTLERY TRAY 1159707 PLASTICFORTE RED', '2020-03-12', '3', 1),
(28, '1090100109627', 'CUTLERY TRAY 1159723 PLASTICFORTE TOPO', '2020-03-12', '3', 1),
(29, '1090100109634', 'DISHWASHING DISPENSER 1154307 PLASTICFORTE RED', '2020-03-12', '3', 1),
(30, '1090100109641', 'DISHWASHING DISPENSER 1154301 PLASTICFORTE WHITE', '2020-03-12', '3', 1),
(31, '1090100109658', 'DISHWASHING DISPENSER 1154336 PLASTICFORTE LIGHT GREY', '2020-03-12', '3', 1),
(32, '1090100109665', 'DISHWASHING DISPENSER 1154317 PLASTICFORTE TURQUOISE', '2020-03-12', '3', 1),
(33, '1090100109672', 'DISHWASHING DISPENSER 1154321 PLASTICFORTE VIOLET', '2020-03-12', '3', 1),
(34, '1090100109849', 'CONDUIT HP EMT-050P EMT 1/2\"X17.93MMX1.07MMX3.05M PRE-GALVANIZED', '2020-03-12', '3', 1),
(35, '1090100109856', 'CONDUIT HP EMT-075P EMT 3/4\"X23.42MMX1.24MMX3.05M PRE-GALVANIZED', '2020-03-12', '3', 1),
(36, '1090100109863', 'SET SCREW CONNECTOR HP SSCN-050 EMT 1/2\" ZINC DIE CAST', '2020-03-12', '3', 1),
(37, '1090100109870', 'SET SCREW CONNECTOR HP SSCN-075 EMT 3/4\" ZINC DIE CAST', '2020-03-12', '3', 1),
(38, '1090100109887', 'SET SCREW COUPLING HP SSCP-050 EMT 1/2\" ZINC DIE CAST', '2020-03-12', '3', 1),
(39, '1090100109894', 'SET SCREW COUPLING HP SSCP-075 EMT 3/4\" ZINC DIE CAST', '2020-03-12', '3', 1),
(40, '1090100109900', 'ELBOW HP 8300 EMT 1/2\"X90DEG PRE-GALVANIZED', '2020-03-12', '3', 1),
(41, '1090100109917', 'ELBOW HP 8301 EMT 3/4\"X90DEG PRE-GALVANIZED', '2020-03-12', '3', 1),
(42, '1090100109924', 'LOCKNUT HP ZLN-050 1/2\" ZINC', '2020-03-12', '3', 1),
(43, '1090100109931', 'LOCKNUT HP ZLN-075 3/4\" ZINC', '2020-03-12', '3', 1),
(44, '1090100109948', 'ONE HOLE STRAP HP OSP-050 EMT 1/2\"X1.8MM GALVANIZED STEEL', '2020-03-12', '3', 1),
(45, '1090100109955', 'ONE HOLE STRAP HP OSP-075 EMT 3/4\"X1.8MM GALVANIZED STEEL', '2020-03-12', '3', 1),
(46, '1090100109962', 'TWO HOLE STRAP HP TSP-050 EMT 1/2\"X1.0MM GALVANIZED STEEL', '2020-03-12', '3', 1),
(47, '1090100109979', 'TWO HOLE STRAP HP TSP-075 EMT 3/4\"X1.0MM GALVANIZED STEEL', '2020-03-12', '3', 1),
(48, '1090100109986', 'OCTAGON DRAWN BOX HP 54151-1/2 4\" W/ 1/2\"K.O.', '2020-03-12', '3', 1),
(49, '1090100109993', 'OCTAGON DRAWN BOX HP 54151-3/4 4\" W/ 3/4\"K.O.', '2020-03-12', '3', 1),
(50, '1090100110005', 'OCTAGON DRAWN BOX HP 54151-1/2&3/4 4\" W/ 1/2\"&3/4\"K.O.', '2020-03-12', '3', 1),
(51, '1090100110012', 'SQUARE DRAWN BOX HP 52171-1/2 4X4\" W/1/2\"K.O.', '2020-03-12', '3', 1),
(52, '1090100110029', 'SQUARE DRAWN BOX HP 52171-3/4 4X4\" W/3/4\"K.O.', '2020-03-12', '3', 1),
(53, '1090100110036', 'SQUARE DRAWN BOX HP 52171-1/2&3/4 4X4\" W/1/2\"&3/4\"K.O.', '2020-03-12', '3', 1),
(54, '1090100110043', 'CURTAIN ACCS SLICK JD-B001 13X53MM (1/2\'\') 22G CENTER POST CHROME', '2020-03-12', '3', 1),
(55, '1090100110050', 'CURTAIN ACCS SLICK JD-B04 19X70MM (3/4\'\') 41G CENTER POST CHROME', '2020-03-12', '3', 1),
(56, '1090100110067', 'CURTAIN ACCS SLICK JD-B08 25X86MM (1\'\') 71G CENTER POST CHROME', '2020-03-12', '3', 1),
(57, '1090100110074', 'CURTAIN ACCS SLICK JD-B01 13X53MM (1/2\'\') 30G END POST CHROME', '2020-03-12', '3', 1),
(58, '1090100110081', 'CURTAIN ACCS SLICK JD-B05 19X70MM (3/4\'\') 44G END POST CHROME', '2020-03-12', '3', 1),
(59, '1090100110098', 'CURTAIN ACCS SLICK JD-B09 25X86MM (1\'\') 77G END POST CHROME', '2020-03-12', '3', 1),
(60, '1080100001410', 'TILE GROUT ABC BAG F4 MANGO 2KL', '2020-03-12', '3', 1),
(61, '1080100001427', 'TILE GROUT ABC BAG F5 OLIVE GREEN 2KL', '2020-03-12', '3', 1),
(62, '1080100001434', 'TILE GROUT ABC BAG F6 MID BROWN 2KL', '2020-03-12', '3', 1),
(63, '1080100001441', 'TILE GROUT ABC BAG F7 MOSS GREEN 2KL', '2020-03-12', '3', 1),
(64, '1080100000291', 'CLEANING RAG DURA-BRITE ALL PURPOSE PINK', '2020-03-12', '3', 1),
(65, '1080100000307', 'CLEANING RAG DURA-BRITE ALL PURPOSE ORANGE', '2020-03-12', '3', 1),
(66, '1080100000314', 'CLEANING RAG DURA-BRITE ALL PURPOSE YELLOW', '2020-03-12', '3', 1),
(67, '1080100000321', '(DO NOT USE)EPOXY PIONEER MIGHTY BOND BOT 10G', '2020-03-12', '3', 1),
(68, '1080100000352', '#NAME?', '2020-03-12', '3', 1),
(69, '1080100000369', '#NAME?', '2020-03-12', '3', 1),
(70, '1080100000475', '+MLDG DESIGNCRAFT GEMILINA M-17 1X2X8\'', '2020-03-12', '3', 1),
(71, '1080100000505', 'GYPSUM PUTTY ABC', '2020-03-12', '3', 1),
(72, '1080100000758', 'METAL FURRING 19MMX25MMX5MX0.40MM', '2020-03-12', '3', 1),
(73, '1080100000765', 'METAL FURRING 19MMX50MMX5MX0.40MM', '2020-03-12', '3', 1),
(74, '1080100000772', '+MLDG DESIGNCRAFT GEMILINA BB-41 1X4X8\'', '2020-03-12', '3', 1),
(75, '1080100000789', '+MLDG DESIGNCRAFT GEMILINA DC-21 1X2X8\'', '2020-03-12', '3', 1),
(76, '1080100000796', '+MLDG DESIGNCRAFT GEMILINA M-07 1X1X8\'', '2020-03-12', '3', 1),
(77, '1080100000802', '+MLDG DESIGNCRAFT GEMILINA M-13 1X1X8\'', '2020-03-12', '3', 1),
(78, '1080100000819', '+MLDG DESIGNCRAFT GEMILINA M-15 1X1X8\'', '2020-03-12', '3', 1),
(79, '1080100000826', '+MLDG DESIGNCRAFT GEMILINA M-01 1X3X8\' IVORY', '2020-03-12', '3', 1),
(80, '1080100000833', '+MLDG DESIGNCRAFT GEMILINA SPACER 4 1X1X8\'', '2020-03-12', '3', 1),
(81, '1080100000840', '+PAINT BOYSEN CAN (1/4L) TCL HANSA YELLOW 1466', '2020-03-12', '3', 1),
(82, '1080100000857', '+PAINT BOYSEN CAN (1/4L) TCL LAMP BLACK 1490', '2020-03-12', '3', 1),
(83, '1080100000864', '+PAINT BOYSEN CAN (1/4L) TCL RAW SIENNA 1406', '2020-03-12', '3', 1),
(84, '1080100000871', '+PAINT BOYSEN CAN (1/4L) TCL THALO BLUE 1404', '2020-03-12', '3', 1),
(85, '1080100000888', '+PAINT BOYSEN CAN (1/4L) TCL THALO GREEN 1405', '2020-03-12', '3', 1),
(86, '1080100000895', '+PAINT BOYSEN CAN (1/4L) TCL TOLUIDINE RED 1407', '2020-03-12', '3', 1),
(87, '1080100000901', '+PAINT BOYSEN CAN (1/4L) TCL VENETIAN RED 1477', '2020-03-12', '3', 1),
(88, '1080100000918', '+PAINT BOYSEN CAN (1/4L) TCO BULLETIN RED 2315', '2020-03-12', '3', 1),
(89, '1080100000925', '+PAINT BOYSEN CAN (1/4L) TCO FRENCH YEL.OCHRE 2307', '2020-03-12', '3', 1),
(90, '1080100000932', '+PAINT BOYSEN CAN (1/4L) TCO HANSA YELLOW 2319', '2020-03-12', '3', 1),
(91, '1080100000949', '+PAINT BOYSEN CAN (1/4L) TCO LAMP BLACK 2318', '2020-03-12', '3', 1),
(92, '1080100000956', '+PAINT BOYSEN CAN (1/4L) TCO RAW SIENNA 2314', '2020-03-12', '3', 1),
(93, '1080100000963', '+PAINT BOYSEN CAN (1/4L) TCO THALO BLUE 2306', '2020-03-12', '3', 1),
(94, '1080100000970', '+PAINT BOYSEN CAN (1/4L) TCO THALO GREEN 2303', '2020-03-12', '3', 1),
(95, '1080100000987', '+PAINT BOYSEN CAN (1/4L) TCO VENETIAN RED 2317', '2020-03-12', '3', 1),
(96, '1080100000994', '+PAINT BOYSEN GAL EPOXY REDUCER 55', '2020-03-12', '3', 1),
(97, '1080100001007', '+PAINT BOYSEN GAL PERMATEX TEXTURED WHITE 3101', '2020-03-12', '3', 1),
(98, '1080100001014', 'PAINT BOYSEN GAL ROOF PAINT BAGUIO GREEN 2550', '2020-03-12', '3', 1),
(99, '1080100001021', '+PAINT BOYSEN GAL ROOF PAINT LAGUNA WHITE 2501', '2020-03-12', '3', 1),
(100, '1080100001038', '+PAINT BOYSEN GAL ROOF PAINT ORIENT GOLD 2560', '2020-03-12', '3', 1),
(101, '1080100001045', 'PAINT BOYSEN GAL ROOF PAINT PACIFIC BLUE 2540', '2020-03-12', '3', 1),
(102, '1080100001052', '+PAINT BOYSEN GAL ROOF PAINT SAMAR BEIGE 2520', '2020-03-12', '3', 1),
(103, '1080100001069', 'PAINT BOYSEN GAL ROOF PAINT SPANISH RED 2570', '2020-03-12', '3', 1),
(104, '1080100001076', '+PAINT BOYSEN GAL LACQUER GLOSS WATER WHITE 1258', '2020-03-12', '3', 1),
(105, '1080100001083', '+PAINT BOYSEN QRT CLEAR GLOSS LACQUER 1250', '2020-03-12', '3', 1),
(106, '1080100001090', '+PAINT BOYSEN QRT LACQUER SPOT PUTTY WHITE 306', '2020-03-12', '3', 1),
(107, '1080100001106', '+PAINT BOYSEN QRT SANDING SEALER 1254', '2020-03-12', '3', 1),
(108, '1080100001113', 'PAINT CES BOT LACQUER FLO', '2020-03-12', '3', 1),
(109, '1080100001120', 'PAINT CES BOT LACQUER THINNER', '2020-03-12', '3', 1),
(110, '1080100001137', 'PAINT CES BOT SANDING SEALER', '2020-03-12', '3', 1),
(111, '1080100001144', 'PAINT CES BOT PAINT THINNER', '2020-03-12', '3', 1),
(112, '1080100001151', 'PAINT CES GAL CLEAR GLOSS LACQUER', '2020-03-12', '3', 1),
(113, '1080100001168', 'PAINT CES GAL LACQUER FLO', '2020-03-12', '3', 1),
(114, '1080100001175', 'PAINT CES GAL LACQUER THINNER', '2020-03-12', '3', 1),
(115, '1080100001182', 'PAINT CES GAL PAINT THINNER', '2020-03-12', '3', 1),
(116, '1080100001199', 'PAINT CES GAL SANDING SEALER', '2020-03-12', '3', 1),
(117, '1090100001211', 'RUNNERS MAIN TEE AATOMO CEILING 12\'', '2020-03-12', '3', 1),
(118, '1090100001228', 'RUNNERS CROSS TEE AATOMO CEILING 2\'', '2020-03-12', '3', 1),
(119, '1080100001236', 'WOOD PRESERVATIVE SOLIGNUM GAL BROWN', '2020-03-12', '3', 1),
(120, '1080100001243', 'WOOD PRESERVATIVE SOLIGNUM QRT BROWN', '2020-03-12', '3', 1),
(121, '1080100001250', 'PAINT  POLITUFF GAL W/HARDENER', '2020-03-12', '3', 1),
(122, '1080100001267', 'PAINT  POLITUFF QRT  W/HARDENER', '2020-03-12', '3', 1),
(123, '1080100001274', 'SINK RAINBOW STAINLESS #SS-600 SB 1HOLE', '2020-03-12', '3', 1),
(124, '1080100001281', 'SINK WHALE/AMERICAN VALLEY ENAMEL 14X20', '2020-03-12', '3', 1),
(125, '1080100001298', 'SINK WHALE/AMERICAN VALLEY STAINLESS 14X20', '2020-03-12', '3', 1),
(126, '1080100001304', 'SINK WHALE/AMERICAN VALLEY ENAMEL 16X24', '2020-03-12', '3', 1),
(127, '1080100001311', 'SINK WHALE/AMERICAN VALLEY STAINLESS 22X25 4HOLES', '2020-03-12', '3', 1),
(128, '1080100001328', 'TILE GROUT ABC BAG F1 BEIGE 2KL', '2020-03-12', '3', 1),
(129, '1080100014922', 'CYCLONE WIRE G-12 5\'', '2020-03-12', '3', 1),
(130, '1080100014939', 'CYCLONE WIRE G-12 6\'', '2020-03-12', '3', 1),
(131, '1080100014946', '+PAINT BOYSEN CAN ACRYTEX TINTING THALO GREEN 3303', '2020-03-12', '3', 1),
(132, '1080100014953', '+PAINT BOYSEN CAN ACRYTEX TINTING THALO BLUE 3306', '2020-03-12', '3', 1),
(133, '1080100014960', '+PAINT BOYSEN CAN ACRYTEX TINTING RAW SIENNA 3314', '2020-03-12', '3', 1),
(134, '1080100014977', '+PAINT BOYSEN CAN ACRYTEX TINTING LAMP BLACK 3318', '2020-03-12', '3', 1),
(135, '1080100015042', '+TILES TENZEN 40X40 #4061 VALENCIA ESPANA BLUE', '2020-03-12', '3', 1),
(136, '1080100015059', '+TILES TENZEN 40X40 #4062 VALENCIA ESPANA PINK', '2020-03-12', '3', 1),
(137, '1080100015066', '+TILES TENZEN 40X40 #4063 VALENCIA ESPANA BEIGE', '2020-03-12', '3', 1),
(138, '1080100015073', '+TILES TENZEN 40X40 #4064 VALENCIA ESPANA GREEN', '2020-03-12', '3', 1),
(139, '1080100015165', 'STEPBOARD DESIGNCRAFT 12\'\'X3\'X6\' HARDWOOD', '2020-03-12', '3', 1),
(140, '1080100015172', 'STEPBOARD DESIGNCRAFT 12\'\'X4\'X6\' HARDWOOD', '2020-03-12', '3', 1),
(141, '1080100015189', '+MLDG DESIGNCRAFT GEMILINA BB-405-1 1X4X8\'', '2020-03-12', '3', 1),
(142, '1080100015196', '+MLDG DESIGNCRAFT GEMILINA M-401-2 1X4X8\'', '2020-03-12', '3', 1),
(143, '1080100015639', '+INSECTICIDE LION-TIGER MOSQUITO SPRAY 420GMS', '2020-03-12', '3', 1),
(144, '1080100015653', 'DOORS DESIGNCRAFT 70X210 CAROLINA GEMILINA', '2020-03-12', '3', 1),
(145, '1080100015660', 'DOORS DESIGNCRAFT 70X210 KENTUCKY GEMILINA', '2020-03-12', '3', 1),
(146, '1080100015677', '+DOORS DESIGNCRAFT 80X210 KENTUCKY GEMILINA', '2020-03-12', '3', 1),
(147, '1080100015684', '+DOORS DESIGNCRAFT 90X210 KENTUCKY GEMILINA', '2020-03-12', '3', 1),
(148, '1080100015691', 'DOORS DESIGNCRAFT 80X210 CAROLINA GEMILINA', '2020-03-12', '3', 1),
(149, '1080100015707', 'DOORS DESIGNCRAFT 90X210 CAROLINA GEMILINA', '2020-03-12', '3', 1),
(150, '1080100015714', 'WINDOW GRILLS BUENAVISTA 1.20MX1.20M PLAIN', '2020-03-12', '3', 1),
(151, '1080100015769', '+WELDED WIRE CHINA 1/2X3X21M', '2020-03-12', '3', 1),
(152, '1080100015776', '+WELDED WIRE CHINA 1/2X4X21M', '2020-03-12', '3', 1),
(153, '1080100015783', '+WELDED WIRE CHINA 1X3X21M', '2020-03-12', '3', 1),
(154, '1080100015790', '+WELDED WIRE CHINA 1X4X21M', '2020-03-12', '3', 1),
(155, '1080100015837', '+MLDG DESIGNCRAFT HARDWOOD M-09 1X1X8\' F.J.', '2020-03-12', '3', 1),
(156, '1080100015844', 'MLDG DESIGNCRAFT HARDWOOD S-55 1X2X8\' F.J.', '2020-03-12', '3', 1),
(157, '1080100015851', 'MLDG DESIGNCRAFT HARDWOOD M-17 1X2X8\' F.J.', '2020-03-12', '3', 1),
(158, '1080100015868', 'MLDG DESIGNCRAFT HARDWOOD DC-21 1X2X8\' F.J.', '2020-03-12', '3', 1),
(159, '1080100015875', 'MLDG DESIGNCRAFT HARDWOOD C-375 1X3X8\' F.J.', '2020-03-12', '3', 1),
(160, '1080100015882', '+MLDG DESIGNCRAFT HARDWOOD C-376 1X3X8\' F.J.', '2020-03-12', '3', 1),
(161, '1080100015899', 'MLDG DESIGNCRAFT HARDWOOD BB-318 1X3X8\' F.J.', '2020-03-12', '3', 1),
(162, '1080100015905', 'MLDG DESIGNCRAFT HARDWOOD C-479 1X4X8\' F.J.', '2020-03-12', '3', 1),
(163, '1080100015912', 'MLDG DESIGNCRAFT HARDWOOD M-01 1X4X8\' F.J.', '2020-03-12', '3', 1),
(164, '1080100015929', 'MLDG DESIGNCRAFT HARDWOOD BB-364 1X3X8\' F.J.', '2020-03-12', '3', 1),
(165, '1080100016032', '+PAINT BOYSEN PAIL QDE WHITE 600', '2020-03-12', '3', 1),
(166, '1080100016049', '+PAINT BOYSEN PAIL LATEX GLOSS WHITE 710', '2020-03-12', '3', 1),
(167, '1080100016056', '+PAINT BOYSEN PAIL LATEX FLAT WHITE 701', '2020-03-12', '3', 1),
(168, '1080100016063', '+PAINT BOYSEN PAIL LATEX SEMI GLOSS WHITE 715', '2020-03-12', '3', 1),
(169, '1080100016100', '+CABINET DOOR DESIGNCRAFT CDG #01 16X24 HARDWOOD', '2020-03-12', '3', 1),
(170, '1080100016117', '+CABINET DOOR DESIGNCRAFT CDG #01 12X30 HARDWOOD', '2020-03-12', '3', 1),
(171, '1080100016124', '+CABINET DOOR DESIGNCRAFT CDG #01 14X30 HARDWOOD', '2020-03-12', '3', 1),
(172, '1080100016131', '+CABINET DOOR DESIGNCRAFT CDG #01 16X30 HARDWOOD', '2020-03-12', '3', 1),
(173, '1080100016148', '+CABINET DOOR DESIGNCRAFT CDW #01 14X24 HARDWOOD', '2020-03-12', '3', 1),
(174, '1080100016155', '+CABINET DOOR DESIGNCRAFT CDW #01 14X30 HARDWOOD', '2020-03-12', '3', 1),
(175, '1080100016162', 'MLDG DESIGNCRAFT HARDWOOD M-15 1X1X8\' F.J.', '2020-03-12', '3', 1),
(176, '1080100016179', 'MLDG DESIGNCRAFT HARDWOOD M-02 1X2X8\' F.J.', '2020-03-12', '3', 1),
(177, '1080100016186', 'MLDG DESIGNCRAFT HARDWOOD M-04 1X2X8\' F.J.', '2020-03-12', '3', 1),
(178, '1080100016193', 'MLDG DESIGNCRAFT HARDWOOD BB-04 1X4X8\' F.J.', '2020-03-12', '3', 1),
(179, '1080100016209', 'MLDG DESIGNCRAFT HARDWOOD BB-46 1X4X8\' F.J.', '2020-03-12', '3', 1),
(180, '1080100016216', 'DOORS PVC POLYWOOD PD 60X210 J09/H009 COCONUT WHITE', '2020-03-12', '3', 1),
(181, '1080100016315', 'SOLUTION JARDINE HOMETREK 240ML', '2020-03-12', '3', 1),
(182, '1080100016322', 'SOLUTION JARDINE HOMETREK LITER', '2020-03-12', '3', 1),
(183, '1080100016339', 'SOLUTION JARDINE HOMETREK GALLON', '2020-03-12', '3', 1),
(184, '1080100016711', 'PAINT BOYSEN GAL B7412 MEDIUM BASE W/MICROBAN', '2020-03-12', '3', 1),
(185, '1080100013505', '+PLASTICWARES OROCAN UTIL.CAN 8417P&A 65L PINK', '2020-03-12', '3', 1),
(186, '1080100013512', 'PLASTICWARES OROCAN UTIL.CAN 8421P&A 80L BLUE', '2020-03-12', '3', 1),
(187, '1080100013529', '+PLASTICWARES OROCAN UTIL.CAN 8425P&A 100L PINK', '2020-03-12', '3', 1),
(188, '1080100013536', 'PLASTICWARES OROCAN UTILITY PAIL 6003P 12L BLUE', '2020-03-12', '3', 1),
(189, '1080100013543', 'PLASTICWARES OROCAN UTILITY PAIL 6003P 12L GREEN', '2020-03-12', '3', 1),
(190, '1080100013550', 'PLASTICWARES OROCAN UTILITY PAIL 6004P 16L BLUE', '2020-03-12', '3', 1),
(191, '1080100013567', 'PLASTICWARES OROCAN UTILITY PAIL 6004P 16L GREEN', '2020-03-12', '3', 1),
(192, '1080100013574', 'PLASTICWARES OROCAN UTILITY PAIL 6006P 24L BLUE', '2020-03-12', '3', 1),
(193, '1080100013581', 'PLASTICWARES OROCAN UTILITY PAIL 6006P 24L GREEN', '2020-03-12', '3', 1),
(194, '1080100013598', 'DRAWER FACE DESIGNCRAFT #1 18MMX6X28 GEMILINA', '2020-03-12', '3', 1),
(195, '1080100013604', 'DRAWER FACE DESIGNCRAFT #1 18MMX6X32 GEMILINA', '2020-03-12', '3', 1),
(196, '1080100013611', 'DRAWER FACE DESIGNCRAFT #1 18MMX8X28 GEMILINA', '2020-03-12', '3', 1),
(197, '1080100013628', 'DRAWER FACE DESIGNCRAFT #1 18MMX8X32 GEMILINA', '2020-03-12', '3', 1),
(198, '1080100013680', '+LUMBER DESIGNCRAFT SOLID 1X4X8 LAUAN', '2020-03-12', '3', 1),
(199, '1080100013697', '+LUMBER DESIGNCRAFT SOLID 1X4X10 LAUAN', '2020-03-12', '3', 1),
(200, '1080100013703', '+LUMBER DESIGNCRAFT SOLID 1X6X10 LAUAN', '2020-03-12', '3', 1),
(201, '1080100013710', '+LUMBER DESIGNCRAFT SOLID 1X6X8 LAUAN', '2020-03-12', '3', 1),
(202, '1080100013765', '+TILES APO 1.3MMX30X30 CARPET DESIGN AQUA GRAY', '2020-03-12', '3', 1),
(203, '1080100013772', '+TILES APO 1.3MMX30X30 CARPET DESIGN CHARCOAL', '2020-03-12', '3', 1),
(204, '1080100013789', '+TILES APO 1.3MMX30X30 CARPET DESIGN MINT GREEN', '2020-03-12', '3', 1),
(205, '1080100013796', '+TILES APO 1.3MMX30X30 CARPET DESIGN FLESH', '2020-03-12', '3', 1),
(206, '1080100013871', '+WOOD APPLIQUE DESIGNCRAFT WC A-10 LEFT', '2020-03-12', '3', 1),
(207, '1080100013888', '+WOOD APPLIQUE DESIGNCRAFT WC A-10 RIGHT', '2020-03-12', '3', 1),
(208, '1080100013895', '+WOOD APPLIQUE DESIGNCRAFT WC A-17 LEFT', '2020-03-12', '3', 1),
(209, '1080100013901', '+WOOD APPLIQUE DESIGNCRAFT WC A-17 RIGHT', '2020-03-12', '3', 1),
(210, '1080100013956', '+VENTILATION DESIGNCRAFT #01 8X96 MAHOGANY ST.', '2020-03-12', '3', 1),
(211, '1080100013963', '(DO NOT USE)+EPOXYPOD PIONEER PLUS 5 SINGLE PACK', '2020-03-12', '3', 1),
(212, '1080100013987', '(DO NOT USE)*EPOXY PIONEER DURASTEEL 5 STRIP PACK 15G', '2020-03-12', '3', 1),
(213, '1080100013994', '(DO NOT USE)+EPOXY PIONEER ELASTOSEAL 1/2 QRT', '2020-03-12', '3', 1),
(214, '1080100014007', '(DO NOT USE)EPOXY PIONEER REGULAR 1/2PINT', '2020-03-12', '3', 1),
(215, '1080100014014', '(DO NOT USE)EPOXY PIONEER NON-SAG GAL.', '2020-03-12', '3', 1),
(216, '1080100014021', '(DO NOT USE)EPOXY PIONEER NON-SAG PINT', '2020-03-12', '3', 1),
(217, '1080100014038', '(DO NOT USE)EPOXY PIONEER NON-SAG 1/2PINT', '2020-03-12', '3', 1),
(218, '1080100014045', '(DO NOT USE)SEALANT PIONEER MIGHTY GASKET RED 85G', '2020-03-12', '3', 1),
(219, '1080100014052', '+BRUSH ROLLER HI-TECH HANDLE ONLY 9\'\' SLIP ON', '2020-03-12', '3', 1),
(220, '1080100014069', '+TILES LEPANTO 20X20F DUNE PINK', '2020-03-12', '3', 1),
(221, '1080100014076', '(DO NOT USE)EPOXY PIONEER MARINE GAL. (SET)', '2020-03-12', '3', 1),
(222, '1080100014083', '+HANDRAIL DESIGNCRAFT 2X3X10 MAHOGANY', '2020-03-12', '3', 1),
(223, '1080100014090', '+HANDRAIL DESIGNCRAFT 2X4X10 MAHOGANY', '2020-03-12', '3', 1),
(224, '1080100014205', '*AIRCON GE AEV12KB (MANUAL CONT.) 1.5 HP.', '2020-03-12', '3', 1),
(225, '1080100014281', '+WAX JOHNSON PASTE COLORLESS 450G', '2020-03-12', '3', 1),
(226, '1080100014298', '+WAX JOHNSON WIPE & SHINE NATURAL 500ML', '2020-03-12', '3', 1),
(227, '1080100014304', '+WAX JOHNSON WIPE & SHINE RED 250ML', '2020-03-12', '3', 1),
(228, '1080100014311', '+WAX JOHNSON PRONTO LIQUID NATURAL 1L', '2020-03-12', '3', 1),
(229, '1080100014328', '+WAX JOHNSON PRONTO LIQUID NATURAL 500ML', '2020-03-12', '3', 1),
(230, '1080100014335', '+CLEANER JOHNSON PLEDGE FURNI.CARE LEMON 330ML', '2020-03-12', '3', 1),
(231, '1080100014342', '+CLEANER JOHNSON PLEDGE FURNI.CARE ORANGE 330ML', '2020-03-12', '3', 1),
(232, '1080100014359', 'CLEANER JOHNSON MR.MUSCLE DRAIN DECLOGGER 500ML', '2020-03-12', '3', 1),
(233, '1080100014366', 'CLEANER JOHNSON MR.MUSCLE MOLD & MILDEW REG. 500ML', '2020-03-12', '3', 1),
(234, '1080100014373', '+CLEANER JOHNSON MR.MUSCLE KITCHEN REG. 500ML', '2020-03-12', '3', 1),
(235, '1080100014380', 'INSECTICIDE JOHNSON BAYGON SPRAYER REGULAR', '2020-03-12', '3', 1),
(236, '1080100014410', 'ROPE OCEANLINE 4MMX15M', '2020-03-12', '3', 1),
(237, '1080100014427', 'ROPE OCEANLINE 6MMX10M', '2020-03-12', '3', 1),
(238, '1080100014434', 'ROPE OCEANLINE 6MMX5M', '2020-03-12', '3', 1),
(239, '1080100014441', 'ROPE OCEANLINE 8MMX15M', '2020-03-12', '3', 1),
(240, '1080100014458', 'ROPE OCEANLINE 8MMX10M', '2020-03-12', '3', 1),
(241, '1080100014465', 'ROPE OCEANLINE 8MMX5M', '2020-03-12', '3', 1),
(242, '1080100014472', 'ROPE OCEANLINE 9MMX15M', '2020-03-12', '3', 1),
(243, '1080100014489', 'ROPE OCEANLINE 9MMX10M', '2020-03-12', '3', 1),
(244, '1080100014496', 'ROPE OCEANLINE 10MMX15M', '2020-03-12', '3', 1),
(245, '1080100014502', 'ROPE OCEANLINE 10MMX10M', '2020-03-12', '3', 1),
(246, '1080100014656', 'CEMENT WHITE MASTER 1KL.', '2020-03-12', '3', 1),
(247, '1080100014779', '+MEDICINE CAB. GOLDEA (SHINE-MALL) W39-123030-02TPO', '2020-03-12', '3', 1),
(248, '1080100014786', '+MEDICINE CAB. GOLDEA (SHINE-MALL) W39-123050-02TPO', '2020-03-12', '3', 1),
(249, '1080100014908', 'CYCLONE WIRE G-12 3\'', '2020-03-12', '3', 1),
(250, '1080100014915', 'CYCLONE WIRE G-12 4\'', '2020-03-12', '3', 1),
(251, '1080100043618', '+PLYWOOD ORDINARY 10MMX4X8', '2020-03-12', '3', 1),
(252, '1080100043625', 'POT PROPAGATION PEL-07 7X7X11X0.25MM POLYBAG BLACK', '2020-03-12', '3', 1),
(253, '1080100043632', '#NAME?', '2020-03-12', '3', 1),
(254, '1080100043649', '#NAME?', '2020-03-12', '3', 1),
(255, '1080100043656', '#NAME?', '2020-03-12', '3', 1),
(256, '1080100043663', '#NAME?', '2020-03-12', '3', 1),
(257, '1080100043670', '+CUTLERY TRAY GS0062 52X29X9.5 GREY', '2020-03-12', '3', 1),
(258, '1080100043687', '+CUTLERY TRAY GS0062 52X29X9.5 BLACK', '2020-03-12', '3', 1),
(259, '1080100043694', '+TILES ESPANA 40X40F ALICANTE PINK', '2020-03-12', '3', 1),
(260, '1080100043700', '+CABINET DOOR DESIGNCRAFT CDG #01 12X24 SEMI-STAINED HARDWOOD', '2020-03-12', '3', 1),
(261, '1080100043717', '+CABINET DOOR DESIGNCRAFT CDG #01 14X24 SEMI-STAINED HARDWOOD', '2020-03-12', '3', 1),
(262, '1080100043724', '+CABINET DOOR DESIGNCRAFT CDG #01 16X24 SEMI-STAINED HARDWOOD', '2020-03-12', '3', 1),
(263, '1080100043731', '+CABINET DOOR DESIGNCRAFT CDG #01 12X30 SEMI-STAINED HARDWOOD', '2020-03-12', '3', 1),
(264, '1080100043748', '+CABINET DOOR DESIGNCRAFT CDG #01 14X30 SEMI-STAINED HARDWOOD', '2020-03-12', '3', 1),
(265, '1080100043755', '+CABINET DOOR DESIGNCRAFT CDG #01 16X30 SEMI-STAINED HARDWOOD', '2020-03-12', '3', 1),
(266, '1080100043762', '+CABINET DOOR DESIGNCRAFT CDW #01 12X30 SEMI-STAINED HARDWOOD', '2020-03-12', '3', 1),
(267, '1080100043779', '+CABINET DOOR DESIGNCRAFT CDW #01 14X30 SEMI-STAINED HARDWOOD', '2020-03-12', '3', 1),
(268, '1080100043786', '+CABINET DOOR DESIGNCRAFT CDW #01 16X30 SEMI-STAINED HARDWOOD', '2020-03-12', '3', 1),
(269, '1080100043793', '+CABINET DOOR DESIGNCRAFT CDW #01 12X24 SEMI-STAINED HARDWOOD', '2020-03-12', '3', 1),
(270, '1080100043809', '+CABINET DOOR DESIGNCRAFT CDW #01 14X24 SEMI-STAINED HARDWOOD', '2020-03-12', '3', 1),
(271, '1080100043816', '+CABINET DOOR DESIGNCRAFT CDW #01 16X24 SEMI-STAINED HARDWOOD', '2020-03-12', '3', 1),
(272, '1080100044271', '+WC AMERICAN STANDARD NEW CODIE II SUITE #1 WHITE EL', '2020-03-12', '3', 1),
(273, '1080100044288', '+WC AMERICAN STANDARD UNILINE S SUITE #1 WHITE EL', '2020-03-12', '3', 1),
(274, '1080100044295', '+WC AMERICAN STANDARD LINER R SUITE #2 WHITE', '2020-03-12', '3', 1),
(275, '1080100044417', 'MLDG ATLANTA 1/2\" FOR ELECTRICAL WIRE RECTANGULAR', '2020-03-12', '3', 1),
(276, '1080100044424', 'MLDG ATLANTA 3/4\" FOR ELECTRICAL WIRE RECTANGULAR', '2020-03-12', '3', 1),
(277, '1080100044431', 'MLDG ATLANTA 1\" FOR ELECTRICAL WIRE RECTANGULAR', '2020-03-12', '3', 1),
(278, '1080100044448', 'MLDG ATLANTA 1\" FOR ELECTRICAL WIRE TRAPEZOIDAL', '2020-03-12', '3', 1),
(279, '1080100044455', 'NFS- GUTTER ATLANTA PVC TUBE 18\"X8\'', '2020-03-12', '3', 1),
(280, '1080100044462', 'NFS- GUTTER ACCS. ATLANTA PVC CONNECTOR 18\"', '2020-03-12', '3', 1),
(281, '1080100044479', 'NFS- GUTTER ACCS. ATLANTA PVC OUTSIDE CORNER 18\"', '2020-03-12', '3', 1),
(282, '1080100044486', 'NFS- GUTTER ACCS. ATLANTA PVC INSIDE CORNER 18\"', '2020-03-12', '3', 1),
(283, '1080100039406', 'SOLUTION EZ ROCKS POLYMER SEALER WET LOOK GLOSS GAL', '2020-03-12', '3', 1),
(284, '1080100039413', 'SOLUTION EZ ROCKS POLYMER SEALER WET LOOK GLOSS LITER', '2020-03-12', '3', 1),
(285, '1080100039444', '+DOORS DESIGNCRAFT WW 90X210 #1 MAHOGANY', '2020-03-12', '3', 1),
(286, '1080100039451', '+DOORS DESIGNCRAFT WW 90X210 #5 MAHARLIKA MAHOGANY', '2020-03-12', '3', 1),
(287, '1080100039468', '+DOORS DESIGNCRAFT WW 90X210 #8 MAHOGANY', '2020-03-12', '3', 1),
(288, '1080100039512', 'BALUSTER DESIGNCRAFT PW #2 2X2X1\' HARDWOOD', '2020-03-12', '3', 1),
(289, '1080100039529', 'BALUSTERS DESIGNCRAFT PW #4 2X2X1\' HARDWOOD', '2020-03-12', '3', 1),
(290, '1080100039536', '+BALUSTERS DESIGNCRAFT PW #5 2X2X1\' HARDWOOD', '2020-03-12', '3', 1),
(291, '1080100039543', 'BALUSTER DESIGNCRAFT PW #2 2X2X2\' HARDWOOD', '2020-03-12', '3', 1),
(292, '1080100039550', 'BALUSTERS DESIGNCRAFT PW #4 2X2X2\' HARDWOOD', '2020-03-12', '3', 1),
(293, '1080100039567', '+BALUSTERS DESIGNCRAFT PW #5 2X2X2\' HARDWOOD', '2020-03-12', '3', 1),
(294, '1080100039574', 'BALUSTER DESIGNCRAFT PW #2 2X2X3\' HARDWOOD', '2020-03-12', '3', 1),
(295, '1080100039581', 'BALUSTERS DESIGNCRAFT PW #4 2X2X3\' HARDWOOD', '2020-03-12', '3', 1),
(296, '1080100039598', '+BALUSTERS DESIGNCRAFT PW #5 2X2X3\' HARDWOOD', '2020-03-12', '3', 1),
(297, '1080100039604', 'BALUSTERS DESIGNCRAFT PW #2 3X3X3\' HARDWOOD', '2020-03-12', '3', 1),
(298, '1080100039611', 'BALUSTER DESIGNCRAFT PW #4 3X3X3\' HARDWOOD', '2020-03-12', '3', 1),
(299, '1080100039628', '+BALUSTERS DESIGNCRAFT PW #5 3X3X3\' HARDWOOD', '2020-03-12', '3', 1),
(300, '1080100039635', 'BALUSTERS DESIGNCRAFT PW #2 4X4X4\' HARDWOOD', '2020-03-12', '3', 1),
(301, '1080100039642', 'BALUSTERS DESIGNCRAFT PW #4 4X4X4\' HARDWOOD', '2020-03-12', '3', 1),
(302, '1080100039659', '+BALUSTERS DESIGNCRAFT PW #5 4X4X4\' HARDWOOD', '2020-03-12', '3', 1),
(303, '1080100039673', 'SEAT COVER ROYAL TERN SC-200Z MYNAH WHITE', '2020-03-12', '3', 1),
(304, '1080100039680', 'SEAT COVER ROYAL TERN SC-200Z MYNAH BEIGE', '2020-03-12', '3', 1),
(305, '1080100039697', 'SEAT COVER ROYAL TERN SC-200Z MYNAH IVORY', '2020-03-12', '3', 1),
(306, '1080100039703', 'SEAT COVER ROYAL TERN SC-200Z MYNAH P.BLUE', '2020-03-12', '3', 1),
(307, '1080100039710', 'SEAT COVER ROYAL TERN SC-200Z MYNAH P.GREEN', '2020-03-12', '3', 1),
(308, '1080100039727', 'SEAT COVER ROYAL TERN SC-200Z MYNAH P.PINK', '2020-03-12', '3', 1),
(309, '1080100040129', '+CABINET DOOR DESIGNCRAFT CDL #01 12X30 HARDWOOD', '2020-03-12', '3', 1),
(310, '1080100040136', '+CABINET DOOR DESIGNCRAFT CDL #01 14X30 HARDWOOD', '2020-03-12', '3', 1),
(311, '1080100040143', '+CABINET DOOR DESIGNCRAFT CDL #01 16X24 HARDWOOD', '2020-03-12', '3', 1),
(312, '1080100040488', '+TILES APO 1.3MMX4X36 PLANKS BLEACHED OAK', '2020-03-12', '3', 1),
(313, '1080100040495', '+TILES APO 1.3MMX4X36 PLANKS ESPRESSO', '2020-03-12', '3', 1),
(314, '1080100040501', '+TILES APO 1.3MMX30X30 COMFORT BAMBOO ASH', '2020-03-12', '3', 1),
(315, '1080100040518', '+TILES APO 1.3MMX30X30 CARPET DESIGN LINEAR GRAY', '2020-03-12', '3', 1),
(316, '1080100040525', '+TILES APO 1.3MMX30X30 CARPET DESIGN GOLDEN ROD', '2020-03-12', '3', 1),
(317, '1080100040556', '+DOORS DESIGNCRAFT WW 80X210 #8 MAHOGANY', '2020-03-12', '3', 1),
(318, '1080100040563', '+DOORS NEO 80X210 DAKOTA HARDWOOD 35MM', '2020-03-12', '3', 1),
(319, '1080100040587', 'PIPE EMERALD SANITARY PVC 2\'\'X2.91M SERIES 500', '2020-03-12', '3', 1),
(320, '1080100040594', 'PIPE EMERALD SANITARY PVC 4\'\'X2.91M SERIES 500', '2020-03-12', '3', 1),
(321, '1080100040662', '+BALUSTERS DESIGNCRAFT CW #2 2X2X1\' HARDWOOD', '2020-03-12', '3', 1),
(322, '1080100041041', '#NAME?', '2020-03-12', '3', 1),
(323, '1080100041218', 'S.O DOORS DESIGNCRAFT 80X210 SEAHORSE CNC MAHOG.40MM', '2020-03-12', '3', 1),
(324, '1080100041225', 'DOORS DESIGNCRAFT 90X210 SEAHORSE CNC MAHOG.40MM', '2020-03-12', '3', 1),
(325, '1080100041232', 'S.O DOORS DESIGNCRAFT 100X210 SEAHORSE CNC MAHOG.40MM', '2020-03-12', '3', 1),
(326, '1080100041249', 'DOORS DESIGNCRAFT 80X210 MAHARLIKA CNC MAHOG.40MM', '2020-03-12', '3', 1),
(327, '1080100041256', 'DOORS DESIGNCRAFT 90X210 MAHARLIKA CNC MAHOG.40MM', '2020-03-12', '3', 1),
(328, '1080100041263', 'DOORS DESIGNCRAFT 80X210 DYNASTY CNC MAHOGANY 40MM', '2020-03-12', '3', 1),
(329, '1080100041270', 'DOORS DESIGNCRAFT 90X210 DYNASTY CNC MAHOGANY 40MM', '2020-03-12', '3', 1),
(330, '1080100041287', 'DOORS DESIGNCRAFT 80X210 MORROCO CNC MAHOGANY 40MM', '2020-03-12', '3', 1),
(331, '1080100041294', 'DOORS DESIGNCRAFT 90X210 MORROCO CNC MAHOGANY 40MM', '2020-03-12', '3', 1),
(332, '1080100041652', 'PIPE OMEGA ELECTRICAL CONDUIT 1\'\' RED', '2020-03-12', '3', 1),
(333, '1080100041669', 'PIPE EMERALD ELECTRICAL CONDUIT 1/2\'\' RED', '2020-03-12', '3', 1),
(334, '1080100041676', 'PIPE EMERALD ELECTRICAL CONDUIT 3/4\'\' RED', '2020-03-12', '3', 1),
(335, '1080100041683', 'PIPE EMERALD ELECTRICAL CONDUIT 1\'\' RED', '2020-03-12', '3', 1),
(336, '1080100041690', 'PIPE EMERALD PVC ELECTRICAL COUPLING 1/2\'\' RED', '2020-03-12', '3', 1),
(337, '1080100041706', 'PIPE EMERALD PVC ELECTRICAL COUPLING 3/4\'\' RED', '2020-03-12', '3', 1),
(338, '1080100041713', 'PIPE EMERALD PVC ELECTRICAL COUPLING 1\'\' RED', '2020-03-12', '3', 1),
(339, '1080100041720', 'PIPE EMERALD PVC CONDUIT ELBOW 3/4\'\' RED', '2020-03-12', '3', 1),
(340, '1080100041737', 'PIPE EMERALD PVC CONDUIT ELBOW 1/2\'\' RED', '2020-03-12', '3', 1),
(341, '1080100041744', 'PIPE EMERALD PVC CONDUIT ELBOW 1\'\' RED', '2020-03-12', '3', 1),
(342, '1080100041768', '(DO NOT USE)+PIPE INSULEX ELECTRICAL 1/2\'\'X100M FLEXIBLE', '2020-03-12', '3', 1),
(343, '1080100041775', '(DO NOT USE)+PIPE INSULEX ELECTRICAL 3/4\'\'X100M FLEXIBLE', '2020-03-12', '3', 1),
(344, '1080100041799', '+DOORS DESIGNCRAFT 90X210 DYNASTY CNC LAUAN 40MM', '2020-03-12', '3', 1),
(345, '1080100041836', '+DOORS NEO 70X210 DAKOTA HARDWOOD 35MM', '2020-03-12', '3', 1),
(346, '1080100041843', '+DOORS NEO 90X210 DAKOTA HARDWOOD 35MM', '2020-03-12', '3', 1),
(347, '1090100042344', 'CEMENT WHITE MASTER 5KG', '2020-03-12', '3', 1),
(348, '1080100042352', 'CEMENT RED MASTER 1KL.', '2020-03-12', '3', 1),
(349, '1080100042369', 'CEMENT REPUBLIC 40KG', '2020-03-12', '3', 1),
(350, '1080100042376', 'PAINT BOYSEN GAL V9003 SILK DEEP BASE', '2020-03-12', '3', 1),
(351, '1080100042390', 'PAINT BOYSEN GAL T53001 PASTEL BASE', '2020-03-12', '3', 1),
(352, '1080100042406', 'PAINT BOYSEN GAL T53005 MED-DEEP BASE', '2020-03-12', '3', 1),
(353, '1080100042413', 'PAINT BOYSEN PAIL T53001 PASTEL BASE', '2020-03-12', '3', 1),
(354, '1080100042420', 'PAINT BOYSEN PAIL T53005 MED-DEEP BASE', '2020-03-12', '3', 1),
(355, '1080100042437', '+PAINT BOYSEN GAL ROOF PAINT TERRACOTTA 2573', '2020-03-12', '3', 1),
(356, '1080100042444', 'PAINT BOYSEN GAL ROOF PAINT CHOCOLATE BROWN 2580', '2020-03-12', '3', 1),
(357, '1080100042451', 'PAINT BOYSEN GAL T5101 TITAN SUPERFLEX SNOW WHITE', '2020-03-12', '3', 1),
(358, '1080100042468', 'PAINT BOYSEN GAL T5103 TITAN SUPERFLEX ICE MIST', '2020-03-12', '3', 1),
(359, '1080100042475', 'PAINT BOYSEN GAL T5201 TITAN SUPERFLEX PUFF PINK', '2020-03-12', '3', 1),
(360, '1080100042482', 'PAINT BOYSEN GAL T5210 TITAN SUPERFLEX BONE IVORY', '2020-03-12', '3', 1),
(361, '1080100042499', 'PAINT BOYSEN GAL T5300 TITAN SUPERFLEX WHITE', '2020-03-12', '3', 1),
(362, '1080100042505', 'PAINT BOYSEN GAL T5373 TITAN SUPERFLEX TERRACOTTA', '2020-03-12', '3', 1),
(363, '1080100042512', 'PAINT BOYSEN GAL T5603 TITAN SUPERFLEX IVORY', '2020-03-12', '3', 1),
(364, '1080100042529', 'PAINT BOYSEN GAL T5607 TITAN SUPERFLEX SUNNY DAYS', '2020-03-12', '3', 1),
(365, '1080100042536', 'PAINT BOYSEN GAL T5801 TITAN SUPERFLEX MOCHA', '2020-03-12', '3', 1),
(366, '1080100042543', 'PAINT BOYSEN GAL T5803 TITAN SUPERFLEX CLAY POT', '2020-03-12', '3', 1),
(367, '1080100042550', 'HUDSON POLYURETHANE QRT SEALER W/CATALYST', '2020-03-12', '3', 1),
(368, '1080100042567', 'HUDSON POLYURETHANE GAL SEALER W/CATALYST', '2020-03-12', '3', 1),
(369, '1080100042574', 'HUDSON POLYURETHANE QRT TOPCOAT W/CATALYST', '2020-03-12', '3', 1),
(370, '1080100042581', 'HUDSON POLYURETHANE GAL TOPCOAT W/CATALYST', '2020-03-12', '3', 1),
(371, '1080100042598', 'HUDSON POLYURETHANE QRT REDUCER', '2020-03-12', '3', 1),
(372, '1080100042604', 'HUDSON POLYURETHANE GAL REDUCER', '2020-03-12', '3', 1),
(373, '1080100042611', 'TILE GROUT ABC BAG P32 DK.BLUE 2KL', '2020-03-12', '3', 1),
(374, '1080100042628', 'TILE GROUT ABC BAG P33 DK.GREEN 2KL', '2020-03-12', '3', 1),
(375, '1080100042635', 'GLUE VINYL ABC MULTIBOND GAL', '2020-03-12', '3', 1),
(376, '1080100043588', '+PLASTERING MASTER SKIM COAT 25KL', '2020-03-12', '3', 1),
(377, '1080100043595', 'PLASTICWARES OROCAN UTIL.PAIL 6064P 16L W/HNDL ORA', '2020-03-12', '3', 1),
(378, '1080100043601', '+PLYBOARD ORDINARY 3/4X4X8 (BLUE)', '2020-03-12', '3', 1),
(379, '1080100087117', '+WOOD SCREW HAUSMANN #8X1-1/4\" 24\'S', '2020-03-12', '3', 1),
(380, '1090100087123', '+WOOD SCREW HAUSMANN #10X1-1/2\" 24\'S', '2020-03-12', '3', 1),
(381, '1080100087131', '+BROOM HAIXIN 9051CMIXED COLOR PLASTICWARES', '2020-03-12', '3', 1),
(382, '1080100087148', '+BRUSH HAIXIN 8644 MIXED COLOR PLASTICWARES', '2020-03-12', '3', 1),
(383, '1080100087155', '+DUSTPAN W/BRUSH HAIXIN 7439 MIXED COLOR PLASTICWARES', '2020-03-12', '3', 1),
(384, '1080100087162', '+TOILET BRUSH HAIXIN 230NJ MIXED COLOR PLASTICWARES', '2020-03-12', '3', 1),
(385, '1080100087179', '+TOILET PUMP HAIXIN 2269 MIXED COLOR PLASTICWARES', '2020-03-12', '3', 1),
(386, '1080100087186', '+DUSTPAN SET HAIXIN 2290 MIXED COLOR PLASTICWARES', '2020-03-12', '3', 1),
(387, '1080100087193', 'STANDING DUSTPAN HAIXIN 4356 MIXED COLOR PLASTICWARES', '2020-03-12', '3', 1),
(388, '1090100087208', 'GLUE MASTER T-NP2012 VINYL GAL.', '2020-03-12', '3', 1),
(389, '1090100087215', 'GLUE MASTER T-PR5007H WOOD PARQUET GAL.', '2020-03-12', '3', 1),
(390, '1080100087223', 'SOLAR DESK LAMP SOLARLAND BSS-00217 1.5W W/4M CABLES', '2020-03-12', '3', 1),
(391, '1090100087239', 'SOLAR LED TUBE LAMPS SOLARLAND BSS-01006LJ 10W', '2020-03-12', '3', 1),
(392, '1080100087247', '+CAUTION BOARD NEO S-1631 62X30CM', '2020-03-12', '3', 1),
(393, '1080100087254', '+CAUTION BOARD NEO S-1632 47X26CM', '2020-03-12', '3', 1),
(394, '1090100087260', 'RETRACTABLE TRAFFIC CONE NEO/SOTER S-1243 45CM', '2020-03-12', '3', 1),
(395, '1090100087277', 'RETRACTABLE TRAFFIC CONE NEO/SOTER S-1245 60CM', '2020-03-12', '3', 1),
(396, '1090100087284', 'TRAFFIC CONE NEO/SOTER S-1206 30CM', '2020-03-12', '3', 1),
(397, '1080100087292', '(DO NOT USE) TRAFFIC CONE NEO/SOTER S-1207 50CM', '2020-03-12', '3', 1),
(398, '1080100087308', 'GLOVES WORKING  NEO DG-8106 HEAVY DUTY LEATHER', '2020-03-12', '3', 1),
(399, '1080100087315', 'GLOVES PROTECTIVE NEO DG-8623 FOR CHEM.OIL.PAINTS', '2020-03-12', '3', 1),
(400, '1080100087322', 'SAFETY GOGGLES SOTER DG-8902', '2020-03-12', '3', 1),
(401, '1090100087338', '+HANDLE HAUSMANN CL0702 37.5X25.5MM PLASTIC BLACK', '2020-03-12', '3', 1),
(402, '1090100087345', '+HANDLE HAUSMANN CL0702 37.5X25.5MM PLASTIC WHITE', '2020-03-12', '3', 1),
(403, '1090100087352', 'HANDLE HAUSMANN MF27 27X27MM PLASTIC GRAY', '2020-03-12', '3', 1),
(404, '1090100087369', '+HANDLE HAUSMANN MF27 27X27MM PLASTIC GOLD', '2020-03-12', '3', 1),
(405, '1090100087376', 'HANDLE HAUSMANN 8096-64 64MM PLASTIC', '2020-03-12', '3', 1),
(406, '1090100087383', 'HANDLE HAUSMANN 8096-96 96MM PLASTIC', '2020-03-12', '3', 1),
(407, '1090100087390', 'HANDLE HAUSMANN 8096-128 128MM PLASTIC', '2020-03-12', '3', 1),
(408, '1090100087406', 'HANDLE HAUSMANN 306WG/306L 96MM PLASTIC', '2020-03-12', '3', 1),
(409, '1090100087413', 'HANDLE HAUSMANN 377996 96MM PLASTIC', '2020-03-12', '3', 1),
(410, '1090100087420', 'HANDLE HAUSMANN 230195 96MM PLASTIC', '2020-03-12', '3', 1),
(411, '1080100076944', '+BULB PHILIPS CFL PLC LAMP COLOR 84 PIN CDL 18W', '2020-03-12', '3', 1),
(412, '1080100076951', '+BULB PHILIPS CFL PAR38 LAMP BLUE 80W', '2020-03-12', '3', 1),
(413, '1080100076968', '+BALLAST PHILIPS PBALL20 20W', '2020-03-12', '3', 1),
(414, '1080100076975', '+BULB PHILIPS PPLS1184 PLS LAMP COLOR 84 COOL WHITE 11W', '2020-03-12', '3', 1),
(415, '1080100076982', '+BULB PHILIPS LED 4W WW', '2020-03-12', '3', 1),
(416, '1080100076999', 'BULB PHILIPS LED 4W CDL', '2020-03-12', '3', 1),
(417, '1080100077002', '+BULB PHILIPS LED 6W CDL', '2020-03-12', '3', 1),
(418, '1080100077019', 'BULB PHILIPS LED 6W WW', '2020-03-12', '3', 1),
(419, '1080100077026', 'BULB PHILIPS LED 7.5W WW', '2020-03-12', '3', 1),
(420, '1080100077033', '+BULB PHILIPS LED 7W CDL', '2020-03-12', '3', 1),
(421, '1080100077040', '+BULB PHILIPS LED 9W CDL', '2020-03-12', '3', 1),
(422, '1080100077057', '+BULB PHILIPS LED 9.5W WW', '2020-03-12', '3', 1),
(423, '1080100077064', '+DOWNLIGHT FIXTURE PHILIPS ESSENTIAL 66661 RECESSED NICKEL 5W', '2020-03-12', '3', 1),
(424, '1080100077071', '+DOWNLIGHT FIXTURE PHILIPS ESSENTIAL 66661 RECESSED WHITE 5W', '2020-03-12', '3', 1),
(425, '1080100077088', '+DOWNLIGHT FIXTURE PHILIPS ESSENTIAL 66662 RECESSED NICKEL 9W', '2020-03-12', '3', 1),
(426, '1080100077095', '+DOWNLIGHT FIXTURE PHILIPS ESSENTIAL 66662 RECESSED WHITE 9W', '2020-03-12', '3', 1),
(427, '1080100077101', '+DOWNLIGHT FIXTURE PHILIPS ESSENTIAL 66663 RECESSED NICKEL 11W', '2020-03-12', '3', 1),
(428, '1080100077118', '+DOWNLIGHT FIXTURE PHILIPS ESSENTIAL 66663 RECESSED WHITE 11W', '2020-03-12', '3', 1),
(429, '1080100077125', '+OUTDOOR LIGHT FIXTURE PHILIPS EWS300 OSLO WALL LANTERN ANTRACIT 60W', '2020-03-12', '3', 1),
(430, '1080100077132', '+OUTDOOR LIGHT FIXTURE PHILIPS EWS300 WALL LANTERN INOX 60W', '2020-03-12', '3', 1),
(431, '1080100077149', '+OUTDOOR LIGHT FIXTURE PHILIPS 01465 WALL LANTERN WHITE 60W', '2020-03-12', '3', 1),
(432, '1080100077156', '+OUTDOOR LIGHT FIXTURE PHILIPS 01465 WALL LANTERN BLACK 60W', '2020-03-12', '3', 1);

-- --------------------------------------------------------

--
-- Table structure for table `inv_schedule`
--

CREATE TABLE `inv_schedule` (
  `scheduleid` bigint(20) NOT NULL,
  `productid` int(11) NOT NULL,
  `batchid` int(11) NOT NULL,
  `countbatch` int(11) NOT NULL,
  `scheduledate` varchar(100) NOT NULL,
  `warehousearea` int(11) NOT NULL,
  `sellingarea` int(11) NOT NULL,
  `statusid` int(11) NOT NULL,
  `remarks` varchar(500) DEFAULT NULL
) ENGINE=InnoDB DEFAULT CHARSET=latin1;

--
-- Dumping data for table `inv_schedule`
--

INSERT INTO `inv_schedule` (`scheduleid`, `productid`, `batchid`, `countbatch`, `scheduledate`, `warehousearea`, `sellingarea`, `statusid`, `remarks`) VALUES
(1, 392, 1, 1, '2020-03-12', 0, 0, 1, '.'),
(2, 118, 1, 1, '2020-03-12', 0, 0, 1, '.'),
(3, 175, 1, 1, '2020-03-13', 0, 0, 1, '.'),
(4, 282, 1, 1, '2020-03-13', 0, 0, 1, '.'),
(5, 268, 1, 1, '2020-03-14', 0, 0, 1, '.'),
(6, 390, 1, 1, '2020-03-14', 0, 0, 1, '.'),
(7, 239, 1, 1, '2020-03-15', 0, 0, 1, '.'),
(8, 39, 1, 1, '2020-03-15', 0, 0, 1, '.'),
(9, 241, 1, 1, '2020-03-16', 0, 0, 1, '.'),
(10, 356, 1, 1, '2020-03-16', 0, 0, 1, '.'),
(11, 416, 1, 1, '2020-03-17', 0, 0, 1, '.'),
(12, 7, 1, 1, '2020-03-17', 0, 0, 1, '.'),
(13, 410, 1, 1, '2020-03-18', 0, 0, 1, '.'),
(14, 294, 1, 1, '2020-03-18', 0, 0, 1, '.'),
(15, 332, 1, 1, '2020-03-19', 0, 0, 1, '.'),
(16, 350, 1, 1, '2020-03-19', 0, 0, 1, '.'),
(17, 76, 1, 1, '2020-03-20', 0, 0, 1, '.'),
(18, 197, 1, 1, '2020-03-20', 0, 0, 1, '.'),
(19, 127, 1, 1, '2020-03-21', 0, 0, 1, '.'),
(20, 236, 1, 1, '2020-03-21', 0, 0, 1, '.'),
(21, 320, 1, 1, '2020-03-22', 0, 0, 1, '.'),
(22, 153, 1, 1, '2020-03-22', 0, 0, 1, '.'),
(23, 132, 1, 1, '2020-03-23', 0, 0, 1, '.'),
(24, 79, 1, 1, '2020-03-23', 0, 0, 1, '.'),
(25, 92, 1, 1, '2020-03-24', 0, 0, 1, '.'),
(26, 102, 1, 1, '2020-03-24', 0, 0, 1, '.'),
(27, 255, 1, 1, '2020-03-25', 0, 0, 1, '.'),
(28, 38, 1, 1, '2020-03-25', 0, 0, 1, '.'),
(29, 46, 1, 1, '2020-03-26', 0, 0, 1, '.'),
(30, 22, 1, 1, '2020-03-26', 0, 0, 1, '.'),
(31, 264, 1, 1, '2020-03-27', 0, 0, 1, '.'),
(32, 395, 1, 1, '2020-03-27', 0, 0, 1, '.'),
(33, 225, 1, 1, '2020-03-28', 0, 0, 1, '.'),
(34, 98, 1, 1, '2020-03-28', 0, 0, 1, '.'),
(35, 194, 1, 1, '2020-03-29', 0, 0, 1, '.'),
(36, 279, 1, 1, '2020-03-29', 0, 0, 1, '.'),
(37, 432, 1, 1, '2020-03-30', 0, 0, 1, '.'),
(38, 74, 1, 1, '2020-03-30', 0, 0, 1, '.'),
(39, 367, 1, 1, '2020-03-31', 0, 0, 1, '.'),
(40, 27, 1, 1, '2020-03-31', 0, 0, 1, '.'),
(41, 289, 1, 1, '2020-04-01', 0, 0, 1, '.'),
(42, 105, 1, 1, '2020-04-01', 0, 0, 1, '.'),
(43, 246, 1, 1, '2020-04-02', 0, 0, 1, '.'),
(44, 57, 1, 1, '2020-04-02', 0, 0, 1, '.'),
(45, 173, 1, 1, '2020-04-03', 0, 0, 1, '.'),
(46, 428, 1, 1, '2020-04-03', 0, 0, 1, '.'),
(47, 209, 1, 1, '2020-04-04', 0, 0, 1, '.'),
(48, 158, 1, 1, '2020-04-04', 0, 0, 1, '.'),
(49, 80, 1, 1, '2020-04-05', 0, 0, 1, '.'),
(50, 214, 1, 1, '2020-04-05', 0, 0, 1, '.'),
(51, 249, 1, 1, '2020-04-06', 0, 0, 1, '.'),
(52, 317, 1, 1, '2020-04-06', 0, 0, 1, '.'),
(53, 408, 1, 1, '2020-04-07', 0, 0, 1, '.'),
(54, 373, 1, 1, '2020-04-07', 0, 0, 1, '.'),
(55, 20, 1, 1, '2020-04-08', 0, 0, 1, '.'),
(56, 115, 1, 1, '2020-04-08', 0, 0, 1, '.'),
(57, 265, 1, 1, '2020-04-09', 0, 0, 1, '.'),
(58, 263, 1, 1, '2020-04-09', 0, 0, 1, '.'),
(59, 147, 1, 1, '2020-04-10', 0, 0, 1, '.'),
(60, 426, 1, 1, '2020-04-10', 0, 0, 1, '.'),
(61, 41, 1, 1, '2020-04-11', 0, 0, 1, '.'),
(62, 311, 1, 1, '2020-04-11', 0, 0, 1, '.'),
(63, 371, 1, 1, '2020-04-12', 0, 0, 1, '.'),
(64, 286, 1, 1, '2020-04-12', 0, 0, 1, '.'),
(65, 251, 1, 1, '2020-04-13', 0, 0, 1, '.'),
(66, 120, 1, 1, '2020-04-13', 0, 0, 1, '.'),
(67, 258, 1, 1, '2020-04-14', 0, 0, 1, '.'),
(68, 393, 1, 1, '2020-04-14', 0, 0, 1, '.'),
(69, 381, 1, 1, '2020-04-15', 0, 0, 1, '.'),
(70, 86, 1, 1, '2020-04-15', 0, 0, 1, '.'),
(71, 12, 1, 1, '2020-04-16', 0, 0, 1, '.'),
(72, 328, 1, 1, '2020-04-16', 0, 0, 1, '.'),
(73, 375, 1, 1, '2020-04-17', 0, 0, 1, '.'),
(74, 224, 1, 1, '2020-04-17', 0, 0, 1, '.'),
(75, 205, 1, 1, '2020-04-18', 0, 0, 1, '.'),
(76, 149, 1, 1, '2020-04-18', 0, 0, 1, '.'),
(77, 54, 1, 1, '2020-04-19', 0, 0, 1, '.'),
(78, 327, 1, 1, '2020-04-19', 0, 0, 1, '.'),
(79, 61, 1, 1, '2020-04-20', 0, 0, 1, '.'),
(80, 303, 1, 1, '2020-04-20', 0, 0, 1, '.'),
(81, 280, 1, 1, '2020-04-21', 0, 0, 1, '.'),
(82, 96, 1, 1, '2020-04-21', 0, 0, 1, '.'),
(83, 68, 1, 1, '2020-04-22', 0, 0, 1, '.'),
(84, 312, 1, 1, '2020-04-22', 0, 0, 1, '.'),
(85, 378, 1, 1, '2020-04-23', 0, 0, 1, '.'),
(86, 71, 1, 1, '2020-04-23', 0, 0, 1, '.'),
(87, 415, 1, 1, '2020-04-24', 0, 0, 1, '.'),
(88, 216, 1, 1, '2020-04-24', 0, 0, 1, '.'),
(89, 119, 1, 1, '2020-04-25', 0, 0, 1, '.'),
(90, 18, 1, 1, '2020-04-25', 0, 0, 1, '.'),
(91, 254, 1, 1, '2020-04-26', 0, 0, 1, '.'),
(92, 8, 1, 1, '2020-04-26', 0, 0, 1, '.'),
(93, 6, 1, 1, '2020-04-27', 0, 0, 1, '.'),
(94, 379, 1, 1, '2020-04-27', 0, 0, 1, '.'),
(95, 242, 1, 1, '2020-04-28', 0, 0, 1, '.'),
(96, 346, 1, 1, '2020-04-28', 0, 0, 1, '.'),
(97, 411, 1, 1, '2020-04-29', 0, 0, 1, '.'),
(98, 64, 1, 1, '2020-04-29', 0, 0, 1, '.'),
(99, 191, 1, 1, '2020-04-30', 0, 0, 1, '.'),
(100, 16, 1, 1, '2020-04-30', 0, 0, 1, '.'),
(101, 368, 1, 1, '2020-05-01', 0, 0, 1, '.'),
(102, 220, 1, 1, '2020-05-01', 0, 0, 1, '.'),
(103, 66, 1, 1, '2020-05-02', 0, 0, 1, '.'),
(104, 291, 1, 1, '2020-05-02', 0, 0, 1, '.'),
(105, 3, 1, 1, '2020-05-03', 0, 0, 1, '.'),
(106, 48, 1, 1, '2020-05-03', 0, 0, 1, '.'),
(107, 325, 1, 1, '2020-05-04', 0, 0, 1, '.'),
(108, 372, 1, 1, '2020-05-04', 0, 0, 1, '.'),
(109, 4, 1, 1, '2020-05-05', 0, 0, 1, '.'),
(110, 193, 1, 1, '2020-05-05', 0, 0, 1, '.'),
(111, 394, 1, 1, '2020-05-06', 0, 0, 1, '.'),
(112, 351, 1, 1, '2020-05-06', 0, 0, 1, '.'),
(113, 360, 1, 1, '2020-05-07', 0, 0, 1, '.'),
(114, 13, 1, 1, '2020-05-07', 0, 0, 1, '.'),
(115, 203, 1, 1, '2020-05-08', 0, 0, 1, '.'),
(116, 177, 1, 1, '2020-05-08', 0, 0, 1, '.'),
(117, 196, 1, 1, '2020-05-09', 0, 0, 1, '.'),
(118, 299, 1, 1, '2020-05-09', 0, 0, 1, '.'),
(119, 94, 1, 1, '2020-05-10', 0, 0, 1, '.'),
(120, 234, 1, 1, '2020-05-10', 0, 0, 1, '.'),
(121, 65, 1, 1, '2020-05-11', 0, 0, 1, '.'),
(122, 347, 1, 1, '2020-05-11', 0, 0, 1, '.'),
(123, 45, 1, 1, '2020-05-12', 0, 0, 1, '.'),
(124, 70, 1, 1, '2020-05-12', 0, 0, 1, '.'),
(125, 78, 1, 1, '2020-05-13', 0, 0, 1, '.'),
(126, 256, 1, 1, '2020-05-13', 0, 0, 1, '.'),
(127, 324, 1, 1, '2020-05-14', 0, 0, 1, '.'),
(128, 136, 1, 1, '2020-05-14', 0, 0, 1, '.'),
(129, 155, 1, 1, '2020-05-15', 0, 0, 1, '.'),
(130, 124, 1, 1, '2020-05-15', 0, 0, 1, '.'),
(131, 344, 1, 1, '2020-05-16', 0, 0, 1, '.'),
(132, 104, 1, 1, '2020-05-16', 0, 0, 1, '.'),
(133, 5, 1, 1, '2020-05-17', 0, 0, 1, '.'),
(134, 348, 1, 1, '2020-05-17', 0, 0, 1, '.'),
(135, 260, 1, 1, '2020-05-18', 0, 0, 1, '.'),
(136, 90, 1, 1, '2020-05-18', 0, 0, 1, '.'),
(137, 223, 1, 1, '2020-05-19', 0, 0, 1, '.'),
(138, 47, 1, 1, '2020-05-19', 0, 0, 1, '.'),
(139, 58, 1, 1, '2020-05-20', 0, 0, 1, '.'),
(140, 215, 1, 1, '2020-05-20', 0, 0, 1, '.'),
(141, 376, 1, 1, '2020-05-21', 0, 0, 1, '.'),
(142, 421, 1, 1, '2020-05-21', 0, 0, 1, '.'),
(143, 201, 1, 1, '2020-05-22', 0, 0, 1, '.'),
(144, 10, 1, 1, '2020-05-22', 0, 0, 1, '.'),
(145, 313, 1, 1, '2020-05-23', 0, 0, 1, '.'),
(146, 95, 1, 1, '2020-05-23', 0, 0, 1, '.'),
(147, 343, 1, 1, '2020-05-24', 0, 0, 1, '.'),
(148, 284, 1, 1, '2020-05-24', 0, 0, 1, '.'),
(149, 361, 1, 1, '2020-05-25', 0, 0, 1, '.'),
(150, 73, 1, 1, '2020-05-25', 0, 0, 1, '.'),
(151, 2, 1, 1, '2020-05-26', 0, 0, 1, '.'),
(152, 184, 1, 1, '2020-05-26', 0, 0, 1, '.'),
(153, 206, 1, 1, '2020-05-27', 0, 0, 1, '.'),
(154, 59, 1, 1, '2020-05-27', 0, 0, 1, '.'),
(155, 430, 1, 1, '2020-05-28', 0, 0, 1, '.'),
(156, 131, 1, 1, '2020-05-28', 0, 0, 1, '.'),
(157, 227, 1, 1, '2020-05-29', 0, 0, 1, '.'),
(158, 283, 1, 1, '2020-05-29', 0, 0, 1, '.'),
(159, 339, 1, 1, '2020-05-30', 0, 0, 1, '.'),
(160, 318, 1, 1, '2020-05-30', 0, 0, 1, '.'),
(161, 353, 1, 1, '2020-05-31', 0, 0, 1, '.'),
(162, 309, 1, 1, '2020-05-31', 0, 0, 1, '.'),
(163, 44, 1, 1, '2020-06-01', 0, 0, 1, '.'),
(164, 43, 1, 1, '2020-06-01', 0, 0, 1, '.'),
(165, 364, 1, 1, '2020-06-02', 0, 0, 1, '.'),
(166, 77, 1, 1, '2020-06-02', 0, 0, 1, '.'),
(167, 329, 1, 1, '2020-06-03', 0, 0, 1, '.'),
(168, 187, 1, 1, '2020-06-03', 0, 0, 1, '.'),
(169, 419, 1, 1, '2020-06-04', 0, 0, 1, '.'),
(170, 21, 1, 1, '2020-06-04', 0, 0, 1, '.'),
(171, 340, 1, 1, '2020-06-05', 0, 0, 1, '.'),
(172, 198, 1, 1, '2020-06-05', 0, 0, 1, '.'),
(173, 281, 1, 1, '2020-06-06', 0, 0, 1, '.'),
(174, 168, 1, 1, '2020-06-06', 0, 0, 1, '.'),
(175, 122, 1, 1, '2020-06-07', 0, 0, 1, '.'),
(176, 298, 1, 1, '2020-06-07', 0, 0, 1, '.'),
(177, 267, 1, 1, '2020-06-08', 0, 0, 1, '.'),
(178, 245, 1, 1, '2020-06-08', 0, 0, 1, '.'),
(179, 321, 1, 1, '2020-06-09', 0, 0, 1, '.'),
(180, 221, 1, 1, '2020-06-09', 0, 0, 1, '.'),
(181, 166, 1, 1, '2020-06-10', 0, 0, 1, '.'),
(182, 417, 1, 1, '2020-06-10', 0, 0, 1, '.'),
(183, 144, 1, 1, '2020-06-11', 0, 0, 1, '.'),
(184, 226, 1, 1, '2020-06-11', 0, 0, 1, '.'),
(185, 405, 1, 1, '2020-06-12', 0, 0, 1, '.'),
(186, 382, 1, 1, '2020-06-12', 0, 0, 1, '.'),
(187, 425, 1, 1, '2020-06-13', 0, 0, 1, '.'),
(188, 167, 1, 1, '2020-06-13', 0, 0, 1, '.'),
(189, 210, 1, 1, '2020-06-14', 0, 0, 1, '.'),
(190, 409, 1, 1, '2020-06-14', 0, 0, 1, '.'),
(191, 363, 1, 1, '2020-06-15', 0, 0, 1, '.'),
(192, 401, 1, 1, '2020-06-15', 0, 0, 1, '.'),
(193, 316, 1, 1, '2020-06-16', 0, 0, 1, '.'),
(194, 391, 1, 1, '2020-06-16', 0, 0, 1, '.'),
(195, 266, 1, 1, '2020-06-17', 0, 0, 1, '.'),
(196, 208, 1, 1, '2020-06-17', 0, 0, 1, '.'),
(197, 182, 1, 1, '2020-06-18', 0, 0, 1, '.'),
(198, 388, 1, 1, '2020-06-18', 0, 0, 1, '.'),
(199, 349, 1, 1, '2020-06-19', 0, 0, 1, '.'),
(200, 178, 1, 1, '2020-06-19', 0, 0, 1, '.'),
(201, 257, 1, 1, '2020-06-20', 0, 0, 1, '.'),
(202, 315, 1, 1, '2020-06-20', 0, 0, 1, '.'),
(203, 250, 1, 1, '2020-06-21', 0, 0, 1, '.'),
(204, 154, 1, 1, '2020-06-21', 0, 0, 1, '.'),
(205, 140, 1, 1, '2020-06-22', 0, 0, 1, '.'),
(206, 114, 1, 1, '2020-06-22', 0, 0, 1, '.'),
(207, 188, 1, 1, '2020-06-23', 0, 0, 1, '.'),
(208, 407, 1, 1, '2020-06-23', 0, 0, 1, '.'),
(209, 396, 1, 1, '2020-06-24', 0, 0, 1, '.'),
(210, 288, 1, 1, '2020-06-24', 0, 0, 1, '.'),
(211, 310, 1, 1, '2020-06-25', 0, 0, 1, '.'),
(212, 211, 1, 1, '2020-06-25', 0, 0, 1, '.'),
(213, 112, 1, 1, '2020-06-26', 0, 0, 1, '.'),
(214, 247, 1, 1, '2020-06-26', 0, 0, 1, '.'),
(215, 170, 1, 1, '2020-06-27', 0, 0, 1, '.'),
(216, 337, 1, 1, '2020-06-27', 0, 0, 1, '.'),
(217, 36, 1, 1, '2020-06-28', 0, 0, 1, '.'),
(218, 150, 1, 1, '2020-06-28', 0, 0, 1, '.'),
(219, 87, 1, 1, '2020-06-29', 0, 0, 1, '.'),
(220, 148, 1, 1, '2020-06-29', 0, 0, 1, '.'),
(221, 51, 1, 1, '2020-06-30', 0, 0, 1, '.'),
(222, 238, 1, 1, '2020-06-30', 0, 0, 1, '.'),
(223, 75, 1, 1, '2020-07-01', 0, 0, 1, '.'),
(224, 422, 1, 1, '2020-07-01', 0, 0, 1, '.'),
(225, 11, 1, 1, '2020-07-02', 0, 0, 1, '.'),
(226, 137, 1, 1, '2020-07-02', 0, 0, 1, '.'),
(227, 9, 1, 1, '2020-07-03', 0, 0, 1, '.'),
(228, 384, 1, 1, '2020-07-03', 0, 0, 1, '.'),
(229, 169, 1, 1, '2020-07-04', 0, 0, 1, '.'),
(230, 406, 1, 1, '2020-07-04', 0, 0, 1, '.'),
(231, 174, 1, 1, '2020-07-05', 0, 0, 1, '.'),
(232, 399, 1, 1, '2020-07-05', 0, 0, 1, '.'),
(233, 69, 1, 1, '2020-07-06', 0, 0, 1, '.'),
(234, 304, 1, 1, '2020-07-06', 0, 0, 1, '.'),
(235, 152, 1, 1, '2020-07-07', 0, 0, 1, '.'),
(236, 82, 1, 1, '2020-07-07', 0, 0, 1, '.'),
(237, 134, 1, 1, '2020-07-08', 0, 0, 1, '.'),
(238, 40, 1, 1, '2020-07-08', 0, 0, 1, '.'),
(239, 89, 1, 1, '2020-07-09', 0, 0, 1, '.'),
(240, 212, 1, 1, '2020-07-09', 0, 0, 1, '.'),
(241, 248, 1, 1, '2020-07-10', 0, 0, 1, '.'),
(242, 319, 1, 1, '2020-07-10', 0, 0, 1, '.'),
(243, 292, 1, 1, '2020-07-11', 0, 0, 1, '.'),
(244, 219, 1, 1, '2020-07-11', 0, 0, 1, '.'),
(245, 163, 1, 1, '2020-07-12', 0, 0, 1, '.'),
(246, 42, 1, 1, '2020-07-12', 0, 0, 1, '.'),
(247, 189, 1, 1, '2020-07-13', 0, 0, 1, '.'),
(248, 374, 1, 1, '2020-07-13', 0, 0, 1, '.'),
(249, 113, 1, 1, '2020-07-14', 0, 0, 1, '.'),
(250, 273, 1, 1, '2020-07-14', 0, 0, 1, '.'),
(251, 183, 1, 1, '2020-07-15', 0, 0, 1, '.'),
(252, 83, 1, 1, '2020-07-15', 0, 0, 1, '.'),
(253, 233, 1, 1, '2020-07-16', 0, 0, 1, '.'),
(254, 116, 1, 1, '2020-07-16', 0, 0, 1, '.'),
(255, 270, 1, 1, '2020-07-17', 0, 0, 1, '.'),
(256, 97, 1, 1, '2020-07-17', 0, 0, 1, '.'),
(257, 186, 1, 1, '2020-07-18', 0, 0, 1, '.'),
(258, 357, 1, 1, '2020-07-18', 0, 0, 1, '.'),
(259, 126, 1, 1, '2020-07-19', 0, 0, 1, '.'),
(260, 202, 1, 1, '2020-07-19', 0, 0, 1, '.'),
(261, 301, 1, 1, '2020-07-20', 0, 0, 1, '.'),
(262, 423, 1, 1, '2020-07-20', 0, 0, 1, '.'),
(263, 217, 1, 1, '2020-07-21', 0, 0, 1, '.'),
(264, 358, 1, 1, '2020-07-21', 0, 0, 1, '.'),
(265, 272, 1, 1, '2020-07-22', 0, 0, 1, '.'),
(266, 300, 1, 1, '2020-07-22', 0, 0, 1, '.'),
(267, 230, 1, 1, '2020-07-23', 0, 0, 1, '.'),
(268, 330, 1, 1, '2020-07-23', 0, 0, 1, '.'),
(269, 108, 1, 1, '2020-07-24', 0, 0, 1, '.'),
(270, 232, 1, 1, '2020-07-24', 0, 0, 1, '.'),
(271, 24, 1, 1, '2020-07-25', 0, 0, 1, '.'),
(272, 138, 1, 1, '2020-07-25', 0, 0, 1, '.'),
(273, 261, 1, 1, '2020-07-26', 0, 0, 1, '.'),
(274, 240, 1, 1, '2020-07-26', 0, 0, 1, '.'),
(275, 55, 1, 1, '2020-07-27', 0, 0, 1, '.'),
(276, 143, 1, 1, '2020-07-27', 0, 0, 1, '.'),
(277, 336, 1, 1, '2020-07-28', 0, 0, 1, '.'),
(278, 386, 1, 1, '2020-07-28', 0, 0, 1, '.'),
(279, 62, 1, 1, '2020-07-29', 0, 0, 1, '.'),
(280, 231, 1, 1, '2020-07-29', 0, 0, 1, '.'),
(281, 195, 1, 1, '2020-07-30', 0, 0, 1, '.'),
(282, 274, 1, 1, '2020-07-30', 0, 0, 1, '.'),
(283, 63, 1, 1, '2020-07-31', 0, 0, 1, '.'),
(284, 290, 1, 1, '2020-07-31', 0, 0, 1, '.'),
(285, 26, 1, 1, '2020-08-01', 0, 0, 1, '.'),
(286, 402, 1, 1, '2020-08-01', 0, 0, 1, '.'),
(287, 111, 1, 1, '2020-08-02', 0, 0, 1, '.'),
(288, 342, 1, 1, '2020-08-02', 0, 0, 1, '.'),
(289, 14, 1, 1, '2020-08-03', 0, 0, 1, '.'),
(290, 17, 1, 1, '2020-08-03', 0, 0, 1, '.'),
(291, 259, 1, 1, '2020-08-04', 0, 0, 1, '.'),
(292, 404, 1, 1, '2020-08-04', 0, 0, 1, '.'),
(293, 334, 1, 1, '2020-08-05', 0, 0, 1, '.'),
(294, 165, 1, 1, '2020-08-05', 0, 0, 1, '.'),
(295, 412, 1, 1, '2020-08-06', 0, 0, 1, '.'),
(296, 397, 1, 1, '2020-08-06', 0, 0, 1, '.'),
(297, 262, 1, 1, '2020-08-07', 0, 0, 1, '.'),
(298, 160, 1, 1, '2020-08-07', 0, 0, 1, '.'),
(299, 287, 1, 1, '2020-08-08', 0, 0, 1, '.'),
(300, 162, 1, 1, '2020-08-08', 0, 0, 1, '.'),
(301, 323, 1, 1, '2020-08-09', 0, 0, 1, '.'),
(302, 387, 1, 1, '2020-08-09', 0, 0, 1, '.'),
(303, 28, 1, 1, '2020-08-10', 0, 0, 1, '.'),
(304, 67, 1, 1, '2020-08-10', 0, 0, 1, '.'),
(305, 293, 1, 1, '2020-08-11', 0, 0, 1, '.'),
(306, 229, 1, 1, '2020-08-11', 0, 0, 1, '.'),
(307, 314, 1, 1, '2020-08-12', 0, 0, 1, '.'),
(308, 218, 1, 1, '2020-08-12', 0, 0, 1, '.'),
(309, 285, 1, 1, '2020-08-13', 0, 0, 1, '.'),
(310, 100, 1, 1, '2020-08-13', 0, 0, 1, '.'),
(311, 25, 1, 1, '2020-08-14', 0, 0, 1, '.'),
(312, 33, 1, 1, '2020-08-14', 0, 0, 1, '.'),
(313, 370, 1, 1, '2020-08-15', 0, 0, 1, '.'),
(314, 146, 1, 1, '2020-08-15', 0, 0, 1, '.'),
(315, 302, 1, 1, '2020-08-16', 0, 0, 1, '.'),
(316, 93, 1, 1, '2020-08-16', 0, 0, 1, '.'),
(317, 106, 1, 1, '2020-08-17', 0, 0, 1, '.'),
(318, 296, 1, 1, '2020-08-17', 0, 0, 1, '.'),
(319, 72, 1, 1, '2020-08-18', 0, 0, 1, '.'),
(320, 99, 1, 1, '2020-08-18', 0, 0, 1, '.'),
(321, 326, 1, 1, '2020-08-19', 0, 0, 1, '.'),
(322, 362, 1, 1, '2020-08-19', 0, 0, 1, '.'),
(323, 145, 1, 1, '2020-08-20', 0, 0, 1, '.'),
(324, 235, 1, 1, '2020-08-20', 0, 0, 1, '.'),
(325, 23, 1, 1, '2020-08-21', 0, 0, 1, '.'),
(326, 190, 1, 1, '2020-08-21', 0, 0, 1, '.'),
(327, 237, 1, 1, '2020-08-22', 0, 0, 1, '.'),
(328, 276, 1, 1, '2020-08-22', 0, 0, 1, '.'),
(329, 81, 1, 1, '2020-08-23', 0, 0, 1, '.'),
(330, 85, 1, 1, '2020-08-23', 0, 0, 1, '.'),
(331, 107, 1, 1, '2020-08-24', 0, 0, 1, '.'),
(332, 117, 1, 1, '2020-08-24', 0, 0, 1, '.'),
(333, 418, 1, 1, '2020-08-25', 0, 0, 1, '.'),
(334, 427, 1, 1, '2020-08-25', 0, 0, 1, '.'),
(335, 84, 1, 1, '2020-08-26', 0, 0, 1, '.'),
(336, 30, 1, 1, '2020-08-26', 0, 0, 1, '.'),
(337, 306, 1, 1, '2020-08-27', 0, 0, 1, '.'),
(338, 192, 1, 1, '2020-08-27', 0, 0, 1, '.'),
(339, 110, 1, 1, '2020-08-28', 0, 0, 1, '.'),
(340, 398, 1, 1, '2020-08-28', 0, 0, 1, '.'),
(341, 429, 1, 1, '2020-08-29', 0, 0, 1, '.'),
(342, 383, 1, 1, '2020-08-29', 0, 0, 1, '.'),
(343, 101, 1, 1, '2020-08-30', 0, 0, 1, '.'),
(344, 345, 1, 1, '2020-08-30', 0, 0, 1, '.'),
(345, 15, 1, 1, '2020-08-31', 0, 0, 1, '.'),
(346, 181, 1, 1, '2020-08-31', 0, 0, 1, '.'),
(347, 275, 1, 1, '2020-09-01', 0, 0, 1, '.'),
(348, 414, 1, 1, '2020-09-01', 0, 0, 1, '.'),
(349, 123, 1, 1, '2020-09-02', 0, 0, 1, '.'),
(350, 109, 1, 1, '2020-09-02', 0, 0, 1, '.'),
(351, 142, 1, 1, '2020-09-03', 0, 0, 1, '.'),
(352, 295, 1, 1, '2020-09-03', 0, 0, 1, '.'),
(353, 129, 1, 1, '2020-09-04', 0, 0, 1, '.'),
(354, 400, 1, 1, '2020-09-04', 0, 0, 1, '.'),
(355, 179, 1, 1, '2020-09-05', 0, 0, 1, '.'),
(356, 185, 1, 1, '2020-09-05', 0, 0, 1, '.'),
(357, 141, 1, 1, '2020-09-06', 0, 0, 1, '.'),
(358, 31, 1, 1, '2020-09-06', 0, 0, 1, '.'),
(359, 355, 1, 1, '2020-09-07', 0, 0, 1, '.'),
(360, 431, 1, 1, '2020-09-07', 0, 0, 1, '.'),
(361, 156, 1, 1, '2020-09-08', 0, 0, 1, '.'),
(362, 130, 1, 1, '2020-09-08', 0, 0, 1, '.'),
(363, 34, 1, 1, '2020-09-09', 0, 0, 1, '.'),
(364, 244, 1, 1, '2020-09-09', 0, 0, 1, '.'),
(365, 103, 1, 1, '2020-09-10', 0, 0, 1, '.'),
(366, 164, 1, 1, '2020-09-10', 0, 0, 1, '.'),
(367, 377, 1, 1, '2020-09-11', 0, 0, 1, '.'),
(368, 139, 1, 1, '2020-09-11', 0, 0, 1, '.'),
(369, 102, 1, 2, '2020-09-12', 0, 0, 1, '.'),
(370, 261, 1, 2, '2020-09-12', 0, 0, 1, '.'),
(371, 256, 1, 2, '2020-09-13', 0, 0, 1, '.'),
(372, 95, 1, 2, '2020-09-13', 0, 0, 1, '.'),
(373, 277, 1, 2, '2020-09-14', 0, 0, 1, '.'),
(374, 357, 1, 2, '2020-09-14', 0, 0, 1, '.'),
(375, 384, 1, 2, '2020-09-15', 0, 0, 1, '.'),
(376, 59, 1, 2, '2020-09-15', 0, 0, 1, '.'),
(377, 328, 1, 2, '2020-09-16', 0, 0, 1, '.'),
(378, 138, 1, 2, '2020-09-16', 0, 0, 1, '.'),
(379, 114, 1, 2, '2020-09-17', 0, 0, 1, '.'),
(380, 151, 1, 2, '2020-09-17', 0, 0, 1, '.'),
(381, 415, 1, 2, '2020-09-18', 0, 0, 1, '.'),
(382, 336, 1, 2, '2020-09-18', 0, 0, 1, '.'),
(383, 182, 1, 2, '2020-09-19', 0, 0, 1, '.'),
(384, 364, 1, 2, '2020-09-19', 0, 0, 1, '.'),
(385, 70, 1, 2, '2020-09-20', 0, 0, 1, '.'),
(386, 101, 1, 2, '2020-09-20', 0, 0, 1, '.'),
(387, 284, 1, 2, '2020-09-21', 0, 0, 1, '.'),
(388, 52, 1, 2, '2020-09-21', 0, 0, 1, '.'),
(389, 186, 1, 2, '2020-09-22', 0, 0, 1, '.'),
(390, 308, 1, 2, '2020-09-22', 0, 0, 1, '.'),
(391, 3, 1, 2, '2020-09-23', 0, 0, 1, '.'),
(392, 421, 1, 2, '2020-09-23', 0, 0, 1, '.'),
(393, 286, 1, 2, '2020-09-24', 0, 0, 1, '.'),
(394, 88, 1, 2, '2020-09-24', 0, 0, 1, '.'),
(395, 257, 1, 2, '2020-09-25', 0, 0, 1, '.'),
(396, 374, 1, 2, '2020-09-25', 0, 0, 1, '.'),
(397, 192, 1, 2, '2020-09-26', 0, 0, 1, '.'),
(398, 228, 1, 2, '2020-09-26', 0, 0, 1, '.'),
(399, 108, 1, 2, '2020-09-27', 0, 0, 1, '.'),
(400, 270, 1, 2, '2020-09-27', 0, 0, 1, '.'),
(401, 87, 1, 2, '2020-09-28', 0, 0, 1, '.'),
(402, 34, 1, 2, '2020-09-28', 0, 0, 1, '.'),
(403, 1, 1, 2, '2020-09-29', 0, 0, 1, '.'),
(404, 113, 1, 2, '2020-09-29', 0, 0, 1, '.'),
(405, 312, 1, 2, '2020-09-30', 0, 0, 1, '.'),
(406, 224, 1, 2, '2020-09-30', 0, 0, 1, '.'),
(407, 96, 1, 2, '2020-10-01', 0, 0, 1, '.'),
(408, 135, 1, 2, '2020-10-01', 0, 0, 1, '.'),
(409, 181, 1, 2, '2020-10-02', 0, 0, 1, '.'),
(410, 33, 1, 2, '2020-10-02', 0, 0, 1, '.'),
(411, 361, 1, 2, '2020-10-03', 0, 0, 1, '.'),
(412, 136, 1, 2, '2020-10-03', 0, 0, 1, '.'),
(413, 30, 1, 2, '2020-10-04', 0, 0, 1, '.'),
(414, 66, 1, 2, '2020-10-04', 0, 0, 1, '.'),
(415, 214, 1, 2, '2020-10-05', 0, 0, 1, '.'),
(416, 58, 1, 2, '2020-10-05', 0, 0, 1, '.'),
(417, 403, 1, 2, '2020-10-06', 0, 0, 1, '.'),
(418, 12, 1, 2, '2020-10-06', 0, 0, 1, '.'),
(419, 190, 1, 2, '2020-10-07', 0, 0, 1, '.'),
(420, 4, 1, 2, '2020-10-07', 0, 0, 1, '.'),
(421, 105, 1, 2, '2020-10-08', 0, 0, 1, '.'),
(422, 64, 1, 2, '2020-10-08', 0, 0, 1, '.'),
(423, 149, 1, 2, '2020-10-09', 0, 0, 1, '.'),
(424, 380, 1, 2, '2020-10-09', 0, 0, 1, '.'),
(425, 340, 1, 2, '2020-10-10', 0, 0, 1, '.'),
(426, 140, 1, 2, '2020-10-10', 0, 0, 1, '.'),
(427, 287, 1, 2, '2020-10-11', 0, 0, 1, '.'),
(428, 121, 1, 2, '2020-10-11', 0, 0, 1, '.'),
(429, 20, 1, 2, '2020-10-12', 0, 0, 1, '.'),
(430, 335, 1, 2, '2020-10-12', 0, 0, 1, '.'),
(431, 161, 1, 2, '2020-10-13', 0, 0, 1, '.'),
(432, 230, 1, 2, '2020-10-13', 0, 0, 1, '.'),
(433, 203, 1, 2, '2020-10-14', 0, 0, 1, '.'),
(434, 134, 1, 2, '2020-10-14', 0, 0, 1, '.'),
(435, 144, 1, 2, '2020-10-15', 0, 0, 1, '.'),
(436, 242, 1, 2, '2020-10-15', 0, 0, 1, '.'),
(437, 38, 1, 2, '2020-10-16', 0, 0, 1, '.'),
(438, 77, 1, 2, '2020-10-16', 0, 0, 1, '.'),
(439, 125, 1, 2, '2020-10-17', 0, 0, 1, '.'),
(440, 329, 1, 2, '2020-10-17', 0, 0, 1, '.'),
(441, 117, 1, 2, '2020-10-18', 0, 0, 1, '.'),
(442, 176, 1, 2, '2020-10-18', 0, 0, 1, '.'),
(443, 255, 1, 2, '2020-10-19', 0, 0, 1, '.'),
(444, 327, 1, 2, '2020-10-19', 0, 0, 1, '.'),
(445, 177, 1, 2, '2020-10-20', 0, 0, 1, '.'),
(446, 51, 1, 2, '2020-10-20', 0, 0, 1, '.'),
(447, 178, 1, 2, '2020-10-21', 0, 0, 1, '.'),
(448, 25, 1, 2, '2020-10-21', 0, 0, 1, '.'),
(449, 9, 1, 2, '2020-10-22', 0, 0, 1, '.'),
(450, 65, 1, 2, '2020-10-22', 0, 0, 1, '.'),
(451, 241, 1, 2, '2020-10-23', 0, 0, 1, '.'),
(452, 373, 1, 2, '2020-10-23', 0, 0, 1, '.'),
(453, 133, 1, 2, '2020-10-24', 0, 0, 1, '.'),
(454, 396, 1, 2, '2020-10-24', 0, 0, 1, '.'),
(455, 7, 1, 2, '2020-10-25', 0, 0, 1, '.'),
(456, 86, 1, 2, '2020-10-25', 0, 0, 1, '.'),
(457, 191, 1, 2, '2020-10-26', 0, 0, 1, '.'),
(458, 285, 1, 2, '2020-10-26', 0, 0, 1, '.'),
(459, 393, 1, 2, '2020-10-27', 0, 0, 1, '.'),
(460, 100, 1, 2, '2020-10-27', 0, 0, 1, '.'),
(461, 362, 1, 2, '2020-10-28', 0, 0, 1, '.'),
(462, 45, 1, 2, '2020-10-28', 0, 0, 1, '.'),
(463, 188, 1, 2, '2020-10-29', 0, 0, 1, '.'),
(464, 272, 1, 2, '2020-10-29', 0, 0, 1, '.'),
(465, 21, 1, 2, '2020-10-30', 0, 0, 1, '.'),
(466, 232, 1, 2, '2020-10-30', 0, 0, 1, '.'),
(467, 119, 1, 2, '2020-10-31', 0, 0, 1, '.'),
(468, 179, 1, 2, '2020-10-31', 0, 0, 1, '.'),
(469, 310, 1, 2, '2020-11-01', 0, 0, 1, '.'),
(470, 29, 1, 2, '2020-11-01', 0, 0, 1, '.'),
(471, 17, 1, 2, '2020-11-02', 0, 0, 1, '.'),
(472, 111, 1, 2, '2020-11-02', 0, 0, 1, '.'),
(473, 406, 1, 2, '2020-11-03', 0, 0, 1, '.'),
(474, 271, 1, 2, '2020-11-03', 0, 0, 1, '.'),
(475, 425, 1, 2, '2020-11-04', 0, 0, 1, '.'),
(476, 198, 1, 2, '2020-11-04', 0, 0, 1, '.'),
(477, 382, 1, 2, '2020-11-05', 0, 0, 1, '.'),
(478, 280, 1, 2, '2020-11-05', 0, 0, 1, '.'),
(479, 97, 1, 2, '2020-11-06', 0, 0, 1, '.'),
(480, 156, 1, 2, '2020-11-06', 0, 0, 1, '.'),
(481, 377, 1, 2, '2020-11-07', 0, 0, 1, '.'),
(482, 129, 1, 2, '2020-11-07', 0, 0, 1, '.'),
(483, 314, 1, 2, '2020-11-08', 0, 0, 1, '.'),
(484, 74, 1, 2, '2020-11-08', 0, 0, 1, '.'),
(485, 345, 1, 2, '2020-11-09', 0, 0, 1, '.'),
(486, 418, 1, 2, '2020-11-09', 0, 0, 1, '.'),
(487, 356, 1, 2, '2020-11-10', 0, 0, 1, '.'),
(488, 323, 1, 2, '2020-11-10', 0, 0, 1, '.'),
(489, 169, 1, 2, '2020-11-11', 0, 0, 1, '.'),
(490, 159, 1, 2, '2020-11-11', 0, 0, 1, '.'),
(491, 258, 1, 2, '2020-11-12', 0, 0, 1, '.'),
(492, 414, 1, 2, '2020-11-12', 0, 0, 1, '.'),
(493, 171, 1, 2, '2020-11-13', 0, 0, 1, '.'),
(494, 428, 1, 2, '2020-11-13', 0, 0, 1, '.'),
(495, 221, 1, 2, '2020-11-14', 0, 0, 1, '.'),
(496, 76, 1, 2, '2020-11-14', 0, 0, 1, '.'),
(497, 211, 1, 2, '2020-11-15', 0, 0, 1, '.'),
(498, 112, 1, 2, '2020-11-15', 0, 0, 1, '.'),
(499, 311, 1, 2, '2020-11-16', 0, 0, 1, '.'),
(500, 207, 1, 2, '2020-11-16', 0, 0, 1, '.'),
(501, 281, 1, 2, '2020-11-17', 0, 0, 1, '.'),
(502, 337, 1, 2, '2020-11-17', 0, 0, 1, '.'),
(503, 215, 1, 2, '2020-11-18', 0, 0, 1, '.'),
(504, 153, 1, 2, '2020-11-18', 0, 0, 1, '.'),
(505, 299, 1, 2, '2020-11-19', 0, 0, 1, '.'),
(506, 18, 1, 2, '2020-11-19', 0, 0, 1, '.'),
(507, 313, 1, 2, '2020-11-20', 0, 0, 1, '.'),
(508, 370, 1, 2, '2020-11-20', 0, 0, 1, '.'),
(509, 367, 1, 2, '2020-11-21', 0, 0, 1, '.'),
(510, 348, 1, 2, '2020-11-21', 0, 0, 1, '.'),
(511, 400, 1, 2, '2020-11-22', 0, 0, 1, '.'),
(512, 408, 1, 2, '2020-11-22', 0, 0, 1, '.'),
(513, 78, 1, 2, '2020-11-23', 0, 0, 1, '.'),
(514, 193, 1, 2, '2020-11-23', 0, 0, 1, '.'),
(515, 124, 1, 2, '2020-11-24', 0, 0, 1, '.'),
(516, 315, 1, 2, '2020-11-24', 0, 0, 1, '.'),
(517, 420, 1, 2, '2020-11-25', 0, 0, 1, '.'),
(518, 248, 1, 2, '2020-11-25', 0, 0, 1, '.'),
(519, 69, 1, 2, '2020-11-26', 0, 0, 1, '.'),
(520, 358, 1, 2, '2020-11-26', 0, 0, 1, '.'),
(521, 305, 1, 2, '2020-11-27', 0, 0, 1, '.'),
(522, 411, 1, 2, '2020-11-27', 0, 0, 1, '.'),
(523, 158, 1, 2, '2020-11-28', 0, 0, 1, '.'),
(524, 264, 1, 2, '2020-11-28', 0, 0, 1, '.'),
(525, 424, 1, 2, '2020-11-29', 0, 0, 1, '.'),
(526, 72, 1, 2, '2020-11-29', 0, 0, 1, '.'),
(527, 355, 1, 2, '2020-11-30', 0, 0, 1, '.'),
(528, 289, 1, 2, '2020-11-30', 0, 0, 1, '.'),
(529, 386, 1, 2, '2020-12-01', 0, 0, 1, '.'),
(530, 123, 1, 2, '2020-12-01', 0, 0, 1, '.'),
(531, 387, 1, 2, '2020-12-02', 0, 0, 1, '.'),
(532, 278, 1, 2, '2020-12-02', 0, 0, 1, '.'),
(533, 292, 1, 2, '2020-12-03', 0, 0, 1, '.'),
(534, 31, 1, 2, '2020-12-03', 0, 0, 1, '.'),
(535, 56, 1, 2, '2020-12-04', 0, 0, 1, '.'),
(536, 291, 1, 2, '2020-12-04', 0, 0, 1, '.'),
(537, 332, 1, 2, '2020-12-05', 0, 0, 1, '.'),
(538, 293, 1, 2, '2020-12-05', 0, 0, 1, '.'),
(539, 22, 1, 2, '2020-12-06', 0, 0, 1, '.'),
(540, 195, 1, 2, '2020-12-06', 0, 0, 1, '.'),
(541, 249, 1, 2, '2020-12-07', 0, 0, 1, '.'),
(542, 376, 1, 2, '2020-12-07', 0, 0, 1, '.'),
(543, 23, 1, 2, '2020-12-08', 0, 0, 1, '.'),
(544, 216, 1, 2, '2020-12-08', 0, 0, 1, '.'),
(545, 390, 1, 2, '2020-12-09', 0, 0, 1, '.'),
(546, 343, 1, 2, '2020-12-09', 0, 0, 1, '.'),
(547, 139, 1, 2, '2020-12-10', 0, 0, 1, '.'),
(548, 73, 1, 2, '2020-12-10', 0, 0, 1, '.'),
(549, 419, 1, 2, '2020-12-11', 0, 0, 1, '.'),
(550, 391, 1, 2, '2020-12-11', 0, 0, 1, '.'),
(551, 333, 1, 2, '2020-12-12', 0, 0, 1, '.'),
(552, 375, 1, 2, '2020-12-12', 0, 0, 1, '.'),
(553, 41, 1, 2, '2020-12-13', 0, 0, 1, '.'),
(554, 273, 1, 2, '2020-12-13', 0, 0, 1, '.'),
(555, 67, 1, 2, '2020-12-14', 0, 0, 1, '.'),
(556, 98, 1, 2, '2020-12-14', 0, 0, 1, '.'),
(557, 44, 1, 2, '2020-12-15', 0, 0, 1, '.'),
(558, 147, 1, 2, '2020-12-15', 0, 0, 1, '.'),
(559, 346, 1, 2, '2020-12-16', 0, 0, 1, '.'),
(560, 274, 1, 2, '2020-12-16', 0, 0, 1, '.'),
(561, 229, 1, 2, '2020-12-17', 0, 0, 1, '.'),
(562, 173, 1, 2, '2020-12-17', 0, 0, 1, '.'),
(563, 16, 1, 2, '2020-12-18', 0, 0, 1, '.'),
(564, 212, 1, 2, '2020-12-18', 0, 0, 1, '.'),
(565, 423, 1, 2, '2020-12-19', 0, 0, 1, '.'),
(566, 246, 1, 2, '2020-12-19', 0, 0, 1, '.'),
(567, 2, 1, 2, '2020-12-20', 0, 0, 1, '.'),
(568, 263, 1, 2, '2020-12-20', 0, 0, 1, '.'),
(569, 75, 1, 2, '2020-12-21', 0, 0, 1, '.'),
(570, 239, 1, 2, '2020-12-21', 0, 0, 1, '.'),
(571, 80, 1, 2, '2020-12-22', 0, 0, 1, '.'),
(572, 209, 1, 2, '2020-12-22', 0, 0, 1, '.'),
(573, 184, 1, 2, '2020-12-23', 0, 0, 1, '.'),
(574, 220, 1, 2, '2020-12-23', 0, 0, 1, '.'),
(575, 410, 1, 2, '2020-12-24', 0, 0, 1, '.'),
(576, 201, 1, 2, '2020-12-24', 0, 0, 1, '.'),
(577, 82, 1, 2, '2020-12-25', 0, 0, 1, '.'),
(578, 338, 1, 2, '2020-12-25', 0, 0, 1, '.'),
(579, 359, 1, 2, '2020-12-26', 0, 0, 1, '.'),
(580, 199, 1, 2, '2020-12-26', 0, 0, 1, '.'),
(581, 267, 1, 2, '2020-12-27', 0, 0, 1, '.'),
(582, 339, 1, 2, '2020-12-27', 0, 0, 1, '.'),
(583, 231, 1, 2, '2020-12-28', 0, 0, 1, '.'),
(584, 40, 1, 2, '2020-12-28', 0, 0, 1, '.'),
(585, 103, 1, 2, '2020-12-29', 0, 0, 1, '.'),
(586, 49, 1, 2, '2020-12-29', 0, 0, 1, '.'),
(587, 39, 1, 2, '2020-12-30', 0, 0, 1, '.'),
(588, 130, 1, 2, '2020-12-30', 0, 0, 1, '.'),
(589, 250, 1, 2, '2020-12-31', 0, 0, 1, '.'),
(590, 150, 1, 2, '2020-12-31', 0, 0, 1, '.'),
(591, 282, 1, 2, '2021-01-01', 0, 0, 1, '.'),
(592, 401, 1, 2, '2021-01-01', 0, 0, 1, '.'),
(593, 307, 1, 2, '2021-01-02', 0, 0, 1, '.'),
(594, 399, 1, 2, '2021-01-02', 0, 0, 1, '.'),
(595, 68, 1, 2, '2021-01-03', 0, 0, 1, '.'),
(596, 163, 1, 2, '2021-01-03', 0, 0, 1, '.'),
(597, 395, 1, 2, '2021-01-04', 0, 0, 1, '.'),
(598, 84, 1, 2, '2021-01-04', 0, 0, 1, '.'),
(599, 118, 1, 2, '2021-01-05', 0, 0, 1, '.'),
(600, 259, 1, 2, '2021-01-05', 0, 0, 1, '.'),
(601, 53, 1, 2, '2021-01-06', 0, 0, 1, '.'),
(602, 131, 1, 2, '2021-01-06', 0, 0, 1, '.'),
(603, 320, 1, 2, '2021-01-07', 0, 0, 1, '.'),
(604, 342, 1, 2, '2021-01-07', 0, 0, 1, '.'),
(605, 298, 1, 2, '2021-01-08', 0, 0, 1, '.'),
(606, 222, 1, 2, '2021-01-08', 0, 0, 1, '.'),
(607, 122, 1, 2, '2021-01-09', 0, 0, 1, '.'),
(608, 120, 1, 2, '2021-01-09', 0, 0, 1, '.'),
(609, 37, 1, 2, '2021-01-10', 0, 0, 1, '.'),
(610, 349, 1, 2, '2021-01-10', 0, 0, 1, '.'),
(611, 300, 1, 2, '2021-01-11', 0, 0, 1, '.'),
(612, 223, 1, 2, '2021-01-11', 0, 0, 1, '.'),
(613, 326, 1, 2, '2021-01-12', 0, 0, 1, '.'),
(614, 237, 1, 2, '2021-01-12', 0, 0, 1, '.'),
(615, 347, 1, 2, '2021-01-13', 0, 0, 1, '.'),
(616, 385, 1, 2, '2021-01-13', 0, 0, 1, '.'),
(617, 61, 1, 2, '2021-01-14', 0, 0, 1, '.'),
(618, 236, 1, 2, '2021-01-14', 0, 0, 1, '.'),
(619, 145, 1, 2, '2021-01-15', 0, 0, 1, '.'),
(620, 276, 1, 2, '2021-01-15', 0, 0, 1, '.'),
(621, 210, 1, 2, '2021-01-16', 0, 0, 1, '.'),
(622, 166, 1, 2, '2021-01-16', 0, 0, 1, '.'),
(623, 174, 1, 2, '2021-01-17', 0, 0, 1, '.'),
(624, 275, 1, 2, '2021-01-17', 0, 0, 1, '.'),
(625, 55, 1, 2, '2021-01-18', 0, 0, 1, '.'),
(626, 32, 1, 2, '2021-01-18', 0, 0, 1, '.'),
(627, 115, 1, 2, '2021-01-19', 0, 0, 1, '.'),
(628, 183, 1, 2, '2021-01-19', 0, 0, 1, '.'),
(629, 295, 1, 2, '2021-01-20', 0, 0, 1, '.'),
(630, 208, 1, 2, '2021-01-20', 0, 0, 1, '.'),
(631, 104, 1, 2, '2021-01-21', 0, 0, 1, '.'),
(632, 279, 1, 2, '2021-01-21', 0, 0, 1, '.'),
(633, 260, 1, 2, '2021-01-22', 0, 0, 1, '.'),
(634, 319, 1, 2, '2021-01-22', 0, 0, 1, '.'),
(635, 394, 1, 2, '2021-01-23', 0, 0, 1, '.'),
(636, 368, 1, 2, '2021-01-23', 0, 0, 1, '.'),
(637, 148, 1, 2, '2021-01-24', 0, 0, 1, '.'),
(638, 369, 1, 2, '2021-01-24', 0, 0, 1, '.'),
(639, 160, 1, 2, '2021-01-25', 0, 0, 1, '.'),
(640, 245, 1, 2, '2021-01-25', 0, 0, 1, '.'),
(641, 351, 1, 2, '2021-01-26', 0, 0, 1, '.'),
(642, 168, 1, 2, '2021-01-26', 0, 0, 1, '.'),
(643, 196, 1, 2, '2021-01-27', 0, 0, 1, '.'),
(644, 243, 1, 2, '2021-01-27', 0, 0, 1, '.'),
(645, 392, 1, 2, '2021-01-28', 0, 0, 1, '.'),
(646, 63, 1, 2, '2021-01-28', 0, 0, 1, '.'),
(647, 27, 1, 2, '2021-01-29', 0, 0, 1, '.'),
(648, 269, 1, 2, '2021-01-29', 0, 0, 1, '.'),
(649, 170, 1, 2, '2021-01-30', 0, 0, 1, '.'),
(650, 90, 1, 2, '2021-01-30', 0, 0, 1, '.'),
(651, 141, 1, 2, '2021-01-31', 0, 0, 1, '.'),
(652, 290, 1, 2, '2021-01-31', 0, 0, 1, '.'),
(653, 54, 1, 2, '2021-02-01', 0, 0, 1, '.'),
(654, 398, 1, 2, '2021-02-01', 0, 0, 1, '.'),
(655, 175, 1, 2, '2021-02-02', 0, 0, 1, '.'),
(656, 219, 1, 2, '2021-02-02', 0, 0, 1, '.'),
(657, 303, 1, 2, '2021-02-03', 0, 0, 1, '.'),
(658, 317, 1, 2, '2021-02-03', 0, 0, 1, '.'),
(659, 187, 1, 2, '2021-02-04', 0, 0, 1, '.'),
(660, 296, 1, 2, '2021-02-04', 0, 0, 1, '.'),
(661, 6, 1, 2, '2021-02-05', 0, 0, 1, '.'),
(662, 294, 1, 2, '2021-02-05', 0, 0, 1, '.'),
(663, 383, 1, 2, '2021-02-06', 0, 0, 1, '.'),
(664, 254, 1, 2, '2021-02-06', 0, 0, 1, '.'),
(665, 431, 1, 2, '2021-02-07', 0, 0, 1, '.'),
(666, 164, 1, 2, '2021-02-07', 0, 0, 1, '.'),
(667, 202, 1, 2, '2021-02-08', 0, 0, 1, '.'),
(668, 197, 1, 2, '2021-02-08', 0, 0, 1, '.'),
(669, 397, 1, 2, '2021-02-09', 0, 0, 1, '.'),
(670, 152, 1, 2, '2021-02-09', 0, 0, 1, '.'),
(671, 126, 1, 2, '2021-02-10', 0, 0, 1, '.'),
(672, 48, 1, 2, '2021-02-10', 0, 0, 1, '.'),
(673, 381, 1, 2, '2021-02-11', 0, 0, 1, '.'),
(674, 366, 1, 2, '2021-02-11', 0, 0, 1, '.'),
(675, 110, 1, 2, '2021-02-12', 0, 0, 1, '.'),
(676, 288, 1, 2, '2021-02-12', 0, 0, 1, '.'),
(677, 352, 1, 2, '2021-02-13', 0, 0, 1, '.'),
(678, 132, 1, 2, '2021-02-13', 0, 0, 1, '.'),
(679, 200, 1, 2, '2021-02-14', 0, 0, 1, '.'),
(680, 427, 1, 2, '2021-02-14', 0, 0, 1, '.'),
(681, 304, 1, 2, '2021-02-15', 0, 0, 1, '.'),
(682, 334, 1, 2, '2021-02-15', 0, 0, 1, '.'),
(683, 91, 1, 2, '2021-02-16', 0, 0, 1, '.'),
(684, 330, 1, 2, '2021-02-16', 0, 0, 1, '.'),
(685, 365, 1, 2, '2021-02-17', 0, 0, 1, '.'),
(686, 227, 1, 2, '2021-02-17', 0, 0, 1, '.'),
(687, 266, 1, 2, '2021-02-18', 0, 0, 1, '.'),
(688, 309, 1, 2, '2021-02-18', 0, 0, 1, '.'),
(689, 306, 1, 2, '2021-02-19', 0, 0, 1, '.'),
(690, 238, 1, 2, '2021-02-19', 0, 0, 1, '.'),
(691, 363, 1, 2, '2021-02-20', 0, 0, 1, '.'),
(692, 109, 1, 2, '2021-02-20', 0, 0, 1, '.'),
(693, 47, 1, 2, '2021-02-21', 0, 0, 1, '.'),
(694, 251, 1, 2, '2021-02-21', 0, 0, 1, '.'),
(695, 297, 1, 2, '2021-02-22', 0, 0, 1, '.'),
(696, 341, 1, 2, '2021-02-22', 0, 0, 1, '.'),
(697, 5, 1, 2, '2021-02-23', 0, 0, 1, '.'),
(698, 429, 1, 2, '2021-02-23', 0, 0, 1, '.'),
(699, 430, 1, 2, '2021-02-24', 0, 0, 1, '.'),
(700, 165, 1, 2, '2021-02-24', 0, 0, 1, '.'),
(701, 154, 1, 2, '2021-02-25', 0, 0, 1, '.'),
(702, 225, 1, 2, '2021-02-25', 0, 0, 1, '.'),
(703, 93, 1, 2, '2021-02-26', 0, 0, 1, '.'),
(704, 416, 1, 2, '2021-02-26', 0, 0, 1, '.'),
(705, 413, 1, 2, '2021-02-27', 0, 0, 1, '.'),
(706, 353, 1, 2, '2021-02-27', 0, 0, 1, '.'),
(707, 180, 1, 2, '2021-02-28', 0, 0, 1, '.'),
(708, 24, 1, 2, '2021-02-28', 0, 0, 1, '.'),
(709, 128, 1, 2, '2021-03-01', 0, 0, 1, '.'),
(710, 426, 1, 2, '2021-03-01', 0, 0, 1, '.'),
(711, 422, 1, 2, '2021-03-02', 0, 0, 1, '.'),
(712, 324, 1, 2, '2021-03-02', 0, 0, 1, '.'),
(713, 107, 1, 2, '2021-03-03', 0, 0, 1, '.'),
(714, 142, 1, 2, '2021-03-03', 0, 0, 1, '.'),
(715, 240, 1, 2, '2021-03-04', 0, 0, 1, '.'),
(716, 46, 1, 2, '2021-03-04', 0, 0, 1, '.'),
(717, 106, 1, 2, '2021-03-05', 0, 0, 1, '.'),
(718, 233, 1, 2, '2021-03-05', 0, 0, 1, '.'),
(719, 325, 1, 2, '2021-03-06', 0, 0, 1, '.'),
(720, 204, 1, 2, '2021-03-06', 0, 0, 1, '.'),
(721, 235, 1, 2, '2021-03-07', 0, 0, 1, '.'),
(722, 388, 1, 2, '2021-03-07', 0, 0, 1, '.'),
(723, 350, 1, 2, '2021-03-08', 0, 0, 1, '.'),
(724, 28, 1, 2, '2021-03-08', 0, 0, 1, '.'),
(725, 50, 1, 2, '2021-03-09', 0, 0, 1, '.'),
(726, 26, 1, 2, '2021-03-09', 0, 0, 1, '.'),
(727, 218, 1, 2, '2021-03-10', 0, 0, 1, '.'),
(728, 162, 1, 2, '2021-03-10', 0, 0, 1, '.'),
(729, 409, 1, 2, '2021-03-11', 0, 0, 1, '.'),
(730, 36, 1, 2, '2021-03-11', 0, 0, 1, '.');

-- --------------------------------------------------------

--
-- Table structure for table `reporttype`
--

CREATE TABLE `reporttype` (
  `reportid` int(11) NOT NULL,
  `reportname` varchar(100) NOT NULL,
  `rptstatus` int(11) NOT NULL,
  `datefrom` varchar(100) NOT NULL,
  `dateto` varchar(100) NOT NULL,
  `supplier` varchar(100) NOT NULL,
  `branch` varchar(100) NOT NULL
) ENGINE=InnoDB DEFAULT CHARSET=latin1;

--
-- Dumping data for table `reporttype`
--

INSERT INTO `reporttype` (`reportid`, `reportname`, `rptstatus`, `datefrom`, `dateto`, `supplier`, `branch`) VALUES
(1, 'Sales Report', 1, '01-15-19', '', '', ''),
(2, 'Fast Moving Report', 1, '', '', '', ''),
(3, 'Daily Inventory Report', 1, '', '', '', '');

-- --------------------------------------------------------

--
-- Table structure for table `res_variable`
--

CREATE TABLE `res_variable` (
  `variableid` int(11) NOT NULL,
  `variablecharacter` varchar(100) NOT NULL,
  `nextnumber` varchar(100) NOT NULL,
  `recorstatus` tinyint(4) NOT NULL
) ENGINE=InnoDB DEFAULT CHARSET=latin1;

--
-- Dumping data for table `res_variable`
--

INSERT INTO `res_variable` (`variableid`, `variablecharacter`, `nextnumber`, `recorstatus`) VALUES
(1, 'CT', '159', 1),
(2, 'BT', '1', 1);

-- --------------------------------------------------------

--
-- Table structure for table `schedule`
--

CREATE TABLE `schedule` (
  `schedid` int(11) NOT NULL,
  `category` varchar(100) NOT NULL,
  `datefrom` varchar(100) NOT NULL,
  `dateto` varchar(100) NOT NULL,
  `countperyear` int(11) NOT NULL,
  `startdate` varchar(100) NOT NULL,
  `enddate` varchar(100) NOT NULL
) ENGINE=InnoDB DEFAULT CHARSET=latin1;

--
-- Dumping data for table `schedule`
--

INSERT INTO `schedule` (`schedid`, `category`, `datefrom`, `dateto`, `countperyear`, `startdate`, `enddate`) VALUES
(1, 'Group A', '01-10-2019', '01-10-2019', 3, '01-15-20', '01-15-2021'),
(2, 'Group B', '01-10-2019', '01-10-2019', 3, '01-15-20', '01-15-2021'),
(3, 'Group C', '', '', 1, '', ''),
(4, 'Group D', '', '', 2, '', '');

-- --------------------------------------------------------

--
-- Table structure for table `sys_activedate`
--

CREATE TABLE `sys_activedate` (
  `dateid` bigint(20) NOT NULL,
  `datedesc` date NOT NULL,
  `recordstatus` tinyint(4) NOT NULL
) ENGINE=InnoDB DEFAULT CHARSET=latin1;

--
-- Dumping data for table `sys_activedate`
--

INSERT INTO `sys_activedate` (`dateid`, `datedesc`, `recordstatus`) VALUES
(1, '2020-01-01', 4),
(2, '2020-01-02', 4),
(3, '2020-01-03', 4),
(4, '2020-01-04', 4),
(5, '2020-01-05', 4),
(6, '2020-01-06', 4),
(7, '2020-01-07', 4),
(8, '2020-01-08', 4),
(9, '2020-01-09', 4),
(10, '2020-01-10', 4),
(11, '2020-01-11', 4),
(12, '2020-01-12', 4),
(13, '2020-01-13', 4),
(14, '2020-01-14', 4),
(15, '2020-01-15', 4),
(16, '2020-01-16', 4),
(17, '2020-01-17', 4),
(18, '2020-01-18', 4),
(19, '2020-01-19', 4),
(20, '2020-01-20', 4),
(21, '2020-01-21', 4),
(22, '2020-01-22', 4),
(23, '2020-01-23', 4),
(24, '2020-01-24', 4),
(25, '2020-01-25', 4),
(26, '2020-01-26', 4),
(27, '2020-01-27', 4),
(28, '2020-01-28', 4),
(29, '2020-01-29', 4),
(30, '2020-01-30', 4),
(31, '2020-01-31', 4),
(32, '2020-02-01', 4),
(33, '2020-02-02', 4),
(34, '2020-02-03', 4),
(35, '2020-02-04', 4),
(36, '2020-02-05', 4),
(37, '2020-02-06', 4),
(38, '2020-02-07', 4),
(39, '2020-02-08', 4),
(40, '2020-02-09', 4),
(41, '2020-02-10', 4),
(42, '2020-02-11', 4),
(43, '2020-02-12', 4),
(44, '2020-02-13', 4),
(45, '2020-02-14', 4),
(46, '2020-02-15', 4),
(47, '2020-02-16', 4),
(48, '2020-02-17', 4),
(49, '2020-02-18', 4),
(50, '2020-02-19', 4),
(51, '2020-02-20', 4),
(52, '2020-02-21', 4),
(53, '2020-02-22', 4),
(54, '2020-02-23', 4),
(55, '2020-02-24', 4),
(56, '2020-02-25', 4),
(57, '2020-02-26', 4),
(58, '2020-02-27', 4),
(59, '2020-02-28', 4),
(60, '2020-02-29', 4),
(61, '2020-03-01', 4),
(62, '2020-03-02', 4),
(63, '2020-03-03', 4),
(64, '2020-03-04', 4),
(65, '2020-03-05', 4),
(66, '2020-03-06', 4),
(67, '2020-03-07', 4),
(68, '2020-03-08', 4),
(69, '2020-03-09', 4),
(70, '2020-03-10', 4),
(71, '2020-03-11', 4),
(72, '2020-03-12', 4),
(73, '2020-03-13', 4),
(74, '2020-03-14', 4),
(75, '2020-03-15', 4),
(76, '2020-03-16', 4),
(77, '2020-03-17', 4),
(78, '2020-03-18', 4),
(79, '2020-03-19', 4),
(80, '2020-03-20', 4),
(81, '2020-03-21', 4),
(82, '2020-03-22', 4),
(83, '2020-03-23', 4),
(84, '2020-03-24', 4),
(85, '2020-03-25', 4),
(86, '2020-03-26', 4),
(87, '2020-03-27', 4),
(88, '2020-03-28', 4),
(89, '2020-03-29', 4),
(90, '2020-03-30', 4),
(91, '2020-03-31', 4),
(92, '2020-04-01', 4),
(93, '2020-04-02', 4),
(94, '2020-04-03', 4),
(95, '2020-04-04', 4),
(96, '2020-04-05', 4),
(97, '2020-04-06', 4),
(98, '2020-04-07', 4),
(99, '2020-04-08', 4),
(100, '2020-04-09', 4),
(101, '2020-04-10', 4),
(102, '2020-04-11', 4),
(103, '2020-04-12', 4),
(104, '2020-04-13', 4),
(105, '2020-04-14', 4),
(106, '2020-04-15', 4),
(107, '2020-04-16', 4),
(108, '2020-04-17', 4),
(109, '2020-04-18', 4),
(110, '2020-04-19', 4),
(111, '2020-04-20', 4),
(112, '2020-04-21', 4),
(113, '2020-04-22', 4),
(114, '2020-04-23', 4),
(115, '2020-04-24', 4),
(116, '2020-04-25', 4),
(117, '2020-04-26', 4),
(118, '2020-04-27', 4),
(119, '2020-04-28', 4),
(120, '2020-04-29', 4),
(121, '2020-04-30', 4),
(122, '2020-05-01', 4),
(123, '2020-05-02', 4),
(124, '2020-05-03', 4),
(125, '2020-05-04', 4),
(126, '2020-05-05', 4),
(127, '2020-05-06', 4),
(128, '2020-05-07', 4),
(129, '2020-05-08', 4),
(130, '2020-05-09', 4),
(131, '2020-05-10', 4),
(132, '2020-05-11', 4),
(133, '2020-05-12', 4),
(134, '2020-05-13', 4),
(135, '2020-05-14', 4),
(136, '2020-05-15', 4),
(137, '2020-05-16', 4),
(138, '2020-05-17', 4),
(139, '2020-05-18', 4),
(140, '2020-05-19', 4),
(141, '2020-05-20', 4),
(142, '2020-05-21', 4),
(143, '2020-05-22', 4),
(144, '2020-05-23', 4),
(145, '2020-05-24', 4),
(146, '2020-05-25', 4),
(147, '2020-05-26', 4),
(148, '2020-05-27', 4),
(149, '2020-05-28', 4),
(150, '2020-05-29', 4),
(151, '2020-05-30', 4),
(152, '2020-05-31', 4),
(153, '2020-06-01', 4),
(154, '2020-06-02', 4),
(155, '2020-06-03', 4),
(156, '2020-06-04', 4),
(157, '2020-06-05', 4),
(158, '2020-06-06', 4),
(159, '2020-06-07', 4),
(160, '2020-06-08', 4),
(161, '2020-06-09', 4),
(162, '2020-06-10', 4),
(163, '2020-06-11', 4),
(164, '2020-06-12', 4),
(165, '2020-06-13', 4),
(166, '2020-06-14', 4),
(167, '2020-06-15', 4),
(168, '2020-06-16', 4),
(169, '2020-06-17', 4),
(170, '2020-06-18', 4),
(171, '2020-06-19', 4),
(172, '2020-06-20', 4),
(173, '2020-06-21', 4),
(174, '2020-06-22', 4),
(175, '2020-06-23', 4),
(176, '2020-06-24', 4),
(177, '2020-06-25', 4),
(178, '2020-06-26', 4),
(179, '2020-06-27', 4),
(180, '2020-06-28', 4),
(181, '2020-06-29', 4),
(182, '2020-06-30', 4),
(183, '2020-07-01', 4),
(184, '2020-07-02', 4),
(185, '2020-07-03', 4),
(186, '2020-07-04', 4),
(187, '2020-07-05', 4),
(188, '2020-07-06', 4),
(189, '2020-07-07', 4),
(190, '2020-07-08', 4),
(191, '2020-07-09', 4),
(192, '2020-07-10', 4),
(193, '2020-07-11', 4),
(194, '2020-07-12', 4),
(195, '2020-07-13', 4),
(196, '2020-07-14', 4),
(197, '2020-07-15', 4),
(198, '2020-07-16', 4),
(199, '2020-07-17', 4),
(200, '2020-07-18', 4),
(201, '2020-07-19', 4),
(202, '2020-07-20', 4),
(203, '2020-07-21', 4),
(204, '2020-07-22', 4),
(205, '2020-07-23', 4),
(206, '2020-07-24', 4),
(207, '2020-07-25', 4),
(208, '2020-07-26', 4),
(209, '2020-07-27', 4),
(210, '2020-07-28', 4),
(211, '2020-07-29', 4),
(212, '2020-07-30', 4),
(213, '2020-07-31', 4),
(214, '2020-08-01', 4),
(215, '2020-08-02', 4),
(216, '2020-08-03', 4),
(217, '2020-08-04', 4),
(218, '2020-08-05', 4),
(219, '2020-08-06', 4),
(220, '2020-08-07', 4),
(221, '2020-08-08', 4),
(222, '2020-08-09', 4),
(223, '2020-08-10', 4),
(224, '2020-08-11', 4),
(225, '2020-08-12', 4),
(226, '2020-08-13', 4),
(227, '2020-08-14', 4),
(228, '2020-08-15', 4),
(229, '2020-08-16', 4),
(230, '2020-08-17', 4),
(231, '2020-08-18', 4),
(232, '2020-08-19', 4),
(233, '2020-08-20', 4),
(234, '2020-08-21', 4),
(235, '2020-08-22', 4),
(236, '2020-08-23', 4),
(237, '2020-08-24', 4),
(238, '2020-08-25', 4),
(239, '2020-08-26', 4),
(240, '2020-08-27', 4),
(241, '2020-08-28', 4),
(242, '2020-08-29', 4),
(243, '2020-08-30', 4),
(244, '2020-08-31', 4),
(245, '2020-09-01', 4),
(246, '2020-09-02', 4),
(247, '2020-09-03', 4),
(248, '2020-09-04', 4),
(249, '2020-09-05', 4),
(250, '2020-09-06', 4),
(251, '2020-09-07', 4),
(252, '2020-09-08', 4),
(253, '2020-09-09', 4),
(254, '2020-09-10', 4),
(255, '2020-09-11', 4),
(256, '2020-09-12', 4),
(257, '2020-09-13', 4),
(258, '2020-09-14', 4),
(259, '2020-09-15', 4),
(260, '2020-09-16', 4),
(261, '2020-09-17', 4),
(262, '2020-09-18', 4),
(263, '2020-09-19', 4),
(264, '2020-09-20', 4),
(265, '2020-09-21', 4),
(266, '2020-09-22', 4),
(267, '2020-09-23', 4),
(268, '2020-09-24', 4),
(269, '2020-09-25', 4),
(270, '2020-09-26', 4),
(271, '2020-09-27', 4),
(272, '2020-09-28', 4),
(273, '2020-09-29', 4),
(274, '2020-09-30', 4),
(275, '2020-10-01', 4),
(276, '2020-10-02', 4),
(277, '2020-10-03', 4),
(278, '2020-10-04', 4),
(279, '2020-10-05', 4),
(280, '2020-10-06', 4),
(281, '2020-10-07', 4),
(282, '2020-10-08', 4),
(283, '2020-10-09', 4),
(284, '2020-10-10', 4),
(285, '2020-10-11', 4),
(286, '2020-10-12', 4),
(287, '2020-10-13', 4),
(288, '2020-10-14', 4),
(289, '2020-10-15', 4),
(290, '2020-10-16', 4),
(291, '2020-10-17', 4),
(292, '2020-10-18', 4),
(293, '2020-10-19', 4),
(294, '2020-10-20', 4),
(295, '2020-10-21', 4),
(296, '2020-10-22', 4),
(297, '2020-10-23', 4),
(298, '2020-10-24', 4),
(299, '2020-10-25', 4),
(300, '2020-10-26', 4),
(301, '2020-10-27', 4),
(302, '2020-10-28', 4),
(303, '2020-10-29', 4),
(304, '2020-10-30', 4),
(305, '2020-10-31', 4),
(306, '2020-11-01', 4),
(307, '2020-11-02', 4),
(308, '2020-11-03', 4),
(309, '2020-11-04', 4),
(310, '2020-11-05', 4),
(311, '2020-11-06', 4),
(312, '2020-11-07', 4),
(313, '2020-11-08', 4),
(314, '2020-11-09', 4),
(315, '2020-11-10', 4),
(316, '2020-11-11', 4),
(317, '2020-11-12', 4),
(318, '2020-11-13', 4),
(319, '2020-11-14', 4),
(320, '2020-11-15', 4),
(321, '2020-11-16', 4),
(322, '2020-11-17', 4),
(323, '2020-11-18', 4),
(324, '2020-11-19', 4),
(325, '2020-11-20', 4),
(326, '2020-11-21', 4),
(327, '2020-11-22', 4),
(328, '2020-11-23', 4),
(329, '2020-11-24', 4),
(330, '2020-11-25', 4),
(331, '2020-11-26', 4),
(332, '2020-11-27', 4),
(333, '2020-11-28', 4),
(334, '2020-11-29', 4),
(335, '2020-11-30', 4),
(336, '2020-12-01', 4),
(337, '2020-12-02', 4),
(338, '2020-12-03', 4),
(339, '2020-12-04', 4),
(340, '2020-12-05', 4),
(341, '2020-12-06', 4),
(342, '2020-12-07', 4),
(343, '2020-12-08', 4),
(344, '2020-12-09', 4),
(345, '2020-12-10', 4),
(346, '2020-12-11', 4),
(347, '2020-12-12', 4),
(348, '2020-12-13', 4),
(349, '2020-12-14', 4),
(350, '2020-12-15', 4),
(351, '2020-12-16', 4),
(352, '2020-12-17', 4),
(353, '2020-12-18', 4),
(354, '2020-12-19', 4),
(355, '2020-12-20', 4),
(356, '2020-12-21', 4),
(357, '2020-12-22', 4),
(358, '2020-12-23', 4),
(359, '2020-12-24', 4),
(360, '2020-12-25', 4),
(361, '2020-12-26', 4),
(362, '2020-12-27', 4),
(363, '2020-12-28', 4),
(364, '2020-12-29', 4),
(365, '2020-12-30', 4),
(366, '2020-12-31', 4),
(367, '2021-01-01', 4),
(368, '2021-01-02', 4),
(369, '2021-01-03', 4),
(370, '2021-01-04', 4),
(371, '2021-01-05', 4),
(372, '2021-01-06', 4),
(373, '2021-01-07', 4),
(374, '2021-01-08', 4),
(375, '2021-01-09', 4),
(376, '2021-01-10', 4),
(377, '2021-01-11', 4),
(378, '2021-01-12', 4),
(379, '2021-01-13', 4),
(380, '2021-01-14', 4),
(381, '2021-01-15', 4),
(382, '2021-01-16', 4),
(383, '2021-01-17', 4),
(384, '2021-01-18', 4),
(385, '2021-01-19', 4),
(386, '2021-01-20', 4),
(387, '2021-01-21', 4),
(388, '2021-01-22', 4),
(389, '2021-01-23', 4),
(390, '2021-01-24', 4),
(391, '2021-01-25', 4),
(392, '2021-01-26', 4),
(393, '2021-01-27', 4),
(394, '2021-01-28', 4),
(395, '2021-01-29', 4),
(396, '2021-01-30', 4),
(397, '2021-01-31', 4),
(398, '2021-02-01', 4),
(399, '2021-02-02', 4),
(400, '2021-02-03', 4),
(401, '2021-02-04', 4),
(402, '2021-02-05', 4),
(403, '2021-02-06', 4),
(404, '2021-02-07', 4),
(405, '2021-02-08', 4),
(406, '2021-02-09', 4),
(407, '2021-02-10', 4),
(408, '2021-02-11', 4),
(409, '2021-02-12', 4),
(410, '2021-02-13', 4),
(411, '2021-02-14', 4),
(412, '2021-02-15', 4),
(413, '2021-02-16', 4),
(414, '2021-02-17', 4),
(415, '2021-02-18', 4),
(416, '2021-02-19', 4),
(417, '2021-02-20', 4),
(418, '2021-02-21', 4),
(419, '2021-02-22', 4),
(420, '2021-02-23', 4),
(421, '2021-02-24', 4),
(422, '2021-02-25', 4),
(423, '2021-02-26', 4),
(424, '2021-02-27', 4),
(425, '2021-02-28', 4),
(426, '2021-03-01', 4),
(427, '2021-03-02', 4),
(428, '2021-03-03', 4),
(429, '2021-03-04', 4),
(430, '2021-03-05', 4),
(431, '2021-03-06', 4),
(432, '2021-03-07', 4),
(433, '2021-03-08', 4),
(434, '2021-03-09', 4),
(435, '2021-03-10', 4),
(436, '2021-03-11', 4),
(437, '2021-03-12', 4),
(438, '2021-03-13', 4),
(439, '2021-03-14', 4),
(440, '2021-03-15', 4),
(441, '2021-03-16', 4),
(442, '2021-03-17', 4),
(443, '2021-03-18', 4),
(444, '2021-03-19', 4),
(445, '2021-03-20', 4),
(446, '2021-03-21', 4),
(447, '2021-03-22', 4),
(448, '2021-03-23', 4),
(449, '2021-03-24', 4),
(450, '2021-03-25', 4),
(451, '2021-03-26', 4),
(452, '2021-03-27', 4),
(453, '2021-03-28', 4),
(454, '2021-03-29', 4),
(455, '2021-03-30', 4),
(456, '2021-03-31', 4),
(457, '2021-04-01', 4),
(458, '2021-04-02', 4),
(459, '2021-04-03', 4),
(460, '2021-04-04', 4),
(461, '2021-04-05', 4),
(462, '2021-04-06', 4),
(463, '2021-04-07', 4),
(464, '2021-04-08', 4),
(465, '2021-04-09', 4),
(466, '2021-04-10', 4),
(467, '2021-04-11', 4),
(468, '2021-04-12', 4),
(469, '2021-04-13', 4),
(470, '2021-04-14', 4),
(471, '2021-04-15', 4),
(472, '2021-04-16', 4),
(473, '2021-04-17', 4),
(474, '2021-04-18', 4),
(475, '2021-04-19', 4),
(476, '2021-04-20', 4),
(477, '2021-04-21', 4),
(478, '2021-04-22', 4),
(479, '2021-04-23', 4),
(480, '2021-04-24', 4),
(481, '2021-04-25', 4),
(482, '2021-04-26', 4),
(483, '2021-04-27', 4),
(484, '2021-04-28', 4),
(485, '2021-04-29', 4),
(486, '2021-04-30', 4),
(487, '2021-05-01', 4),
(488, '2021-05-02', 4),
(489, '2021-05-03', 4),
(490, '2021-05-04', 4),
(491, '2021-05-05', 4),
(492, '2021-05-06', 4),
(493, '2021-05-07', 4),
(494, '2021-05-08', 4),
(495, '2021-05-09', 4),
(496, '2021-05-10', 4),
(497, '2021-05-11', 4),
(498, '2021-05-12', 4),
(499, '2021-05-13', 4),
(500, '2021-05-14', 4),
(501, '2021-05-15', 4),
(502, '2021-05-16', 4),
(503, '2021-05-17', 4),
(504, '2021-05-18', 4),
(505, '2021-05-19', 4),
(506, '2021-05-20', 4),
(507, '2021-05-21', 4),
(508, '2021-05-22', 4),
(509, '2021-05-23', 4),
(510, '2021-05-24', 4),
(511, '2021-05-25', 4),
(512, '2021-05-26', 4),
(513, '2021-05-27', 4),
(514, '2021-05-28', 4),
(515, '2021-05-29', 4),
(516, '2021-05-30', 4),
(517, '2021-05-31', 4),
(518, '2021-06-01', 4),
(519, '2021-06-02', 4),
(520, '2021-06-03', 4),
(521, '2021-06-04', 4),
(522, '2021-06-05', 4),
(523, '2021-06-06', 4),
(524, '2021-06-07', 4),
(525, '2021-06-08', 4),
(526, '2021-06-09', 4),
(527, '2021-06-10', 4),
(528, '2021-06-11', 4),
(529, '2021-06-12', 4),
(530, '2021-06-13', 4),
(531, '2021-06-14', 4),
(532, '2021-06-15', 4),
(533, '2021-06-16', 4),
(534, '2021-06-17', 4),
(535, '2021-06-18', 4),
(536, '2021-06-19', 4),
(537, '2021-06-20', 4),
(538, '2021-06-21', 4),
(539, '2021-06-22', 4),
(540, '2021-06-23', 4),
(541, '2021-06-24', 4),
(542, '2021-06-25', 4),
(543, '2021-06-26', 4),
(544, '2021-06-27', 4),
(545, '2021-06-28', 4),
(546, '2021-06-29', 4),
(547, '2021-06-30', 4),
(548, '2021-07-01', 4),
(549, '2021-07-02', 4),
(550, '2021-07-03', 4),
(551, '2021-07-04', 4),
(552, '2021-07-05', 4),
(553, '2021-07-06', 4),
(554, '2021-07-07', 4),
(555, '2021-07-08', 4),
(556, '2021-07-09', 4),
(557, '2021-07-10', 4),
(558, '2021-07-11', 4),
(559, '2021-07-12', 4),
(560, '2021-07-13', 4),
(561, '2021-07-14', 4),
(562, '2021-07-15', 4),
(563, '2021-07-16', 4),
(564, '2021-07-17', 4),
(565, '2021-07-18', 4),
(566, '2021-07-19', 4),
(567, '2021-07-20', 4),
(568, '2021-07-21', 4),
(569, '2021-07-22', 4),
(570, '2021-07-23', 4),
(571, '2021-07-24', 4),
(572, '2021-07-25', 4),
(573, '2021-07-26', 4),
(574, '2021-07-27', 4),
(575, '2021-07-28', 4),
(576, '2021-07-29', 4),
(577, '2021-07-30', 4),
(578, '2021-07-31', 4),
(579, '2021-08-01', 4),
(580, '2021-08-02', 4),
(581, '2021-08-03', 4),
(582, '2021-08-04', 4),
(583, '2021-08-05', 4),
(584, '2021-08-06', 4),
(585, '2021-08-07', 4),
(586, '2021-08-08', 4),
(587, '2021-08-09', 4),
(588, '2021-08-10', 4),
(589, '2021-08-11', 4),
(590, '2021-08-12', 4),
(591, '2021-08-13', 4),
(592, '2021-08-14', 4),
(593, '2021-08-15', 4),
(594, '2021-08-16', 4),
(595, '2021-08-17', 4),
(596, '2021-08-18', 4),
(597, '2021-08-19', 4),
(598, '2021-08-20', 4),
(599, '2021-08-21', 4),
(600, '2021-08-22', 4),
(601, '2021-08-23', 4),
(602, '2021-08-24', 4),
(603, '2021-08-25', 4),
(604, '2021-08-26', 4),
(605, '2021-08-27', 4),
(606, '2021-08-28', 4),
(607, '2021-08-29', 4),
(608, '2021-08-30', 4),
(609, '2021-08-31', 4),
(610, '2021-09-01', 4),
(611, '2021-09-02', 4),
(612, '2021-09-03', 4),
(613, '2021-09-04', 4),
(614, '2021-09-05', 4),
(615, '2021-09-06', 4),
(616, '2021-09-07', 4),
(617, '2021-09-08', 4),
(618, '2021-09-09', 4),
(619, '2021-09-10', 4),
(620, '2021-09-11', 4),
(621, '2021-09-12', 4),
(622, '2021-09-13', 4),
(623, '2021-09-14', 4),
(624, '2021-09-15', 4),
(625, '2021-09-16', 4),
(626, '2021-09-17', 4),
(627, '2021-09-18', 4),
(628, '2021-09-19', 4),
(629, '2021-09-20', 4),
(630, '2021-09-21', 4),
(631, '2021-09-22', 4),
(632, '2021-09-23', 4),
(633, '2021-09-24', 4),
(634, '2021-09-25', 4),
(635, '2021-09-26', 4),
(636, '2021-09-27', 4),
(637, '2021-09-28', 4),
(638, '2021-09-29', 4),
(639, '2021-09-30', 4),
(640, '2021-10-01', 4),
(641, '2021-10-02', 4),
(642, '2021-10-03', 4),
(643, '2021-10-04', 4),
(644, '2021-10-05', 4),
(645, '2021-10-06', 4),
(646, '2021-10-07', 4),
(647, '2021-10-08', 4),
(648, '2021-10-09', 4),
(649, '2021-10-10', 4),
(650, '2021-10-11', 4),
(651, '2021-10-12', 4),
(652, '2021-10-13', 4),
(653, '2021-10-14', 4),
(654, '2021-10-15', 4),
(655, '2021-10-16', 4),
(656, '2021-10-17', 4),
(657, '2021-10-18', 4),
(658, '2021-10-19', 4),
(659, '2021-10-20', 4),
(660, '2021-10-21', 4),
(661, '2021-10-22', 4),
(662, '2021-10-23', 4),
(663, '2021-10-24', 4),
(664, '2021-10-25', 4),
(665, '2021-10-26', 4),
(666, '2021-10-27', 4),
(667, '2021-10-28', 4),
(668, '2021-10-29', 4),
(669, '2021-10-30', 4),
(670, '2021-10-31', 4),
(671, '2021-11-01', 4),
(672, '2021-11-02', 4),
(673, '2021-11-03', 4),
(674, '2021-11-04', 4),
(675, '2021-11-05', 4),
(676, '2021-11-06', 4),
(677, '2021-11-07', 4),
(678, '2021-11-08', 4),
(679, '2021-11-09', 4),
(680, '2021-11-10', 4),
(681, '2021-11-11', 4),
(682, '2021-11-12', 4),
(683, '2021-11-13', 4),
(684, '2021-11-14', 4),
(685, '2021-11-15', 4),
(686, '2021-11-16', 4),
(687, '2021-11-17', 4),
(688, '2021-11-18', 4),
(689, '2021-11-19', 4),
(690, '2021-11-20', 4),
(691, '2021-11-21', 4),
(692, '2021-11-22', 4),
(693, '2021-11-23', 4),
(694, '2021-11-24', 4),
(695, '2021-11-25', 4),
(696, '2021-11-26', 4),
(697, '2021-11-27', 4),
(698, '2021-11-28', 4),
(699, '2021-11-29', 4),
(700, '2021-11-30', 4),
(701, '2021-12-01', 4),
(702, '2021-12-02', 4),
(703, '2021-12-03', 4),
(704, '2021-12-04', 4),
(705, '2021-12-05', 4),
(706, '2021-12-06', 4),
(707, '2021-12-07', 4),
(708, '2021-12-08', 4),
(709, '2021-12-09', 4),
(710, '2021-12-10', 4),
(711, '2021-12-11', 4),
(712, '2021-12-12', 4),
(713, '2021-12-13', 4),
(714, '2021-12-14', 4),
(715, '2021-12-15', 4),
(716, '2021-12-16', 4),
(717, '2021-12-17', 4),
(718, '2021-12-18', 4),
(719, '2021-12-19', 4),
(720, '2021-12-20', 4),
(721, '2021-12-21', 4),
(722, '2021-12-22', 4),
(723, '2021-12-23', 4),
(724, '2021-12-24', 4),
(725, '2021-12-25', 4),
(726, '2021-12-26', 4),
(727, '2021-12-27', 4),
(728, '2021-12-28', 4),
(729, '2021-12-29', 4),
(730, '2021-12-30', 4),
(731, '2021-12-31', 4);

-- --------------------------------------------------------

--
-- Table structure for table `sys_category`
--

CREATE TABLE `sys_category` (
  `categoryid` int(11) NOT NULL,
  `categoryname` varchar(100) NOT NULL,
  `recordstatus` tinyint(4) NOT NULL
) ENGINE=InnoDB DEFAULT CHARSET=latin1;

--
-- Dumping data for table `sys_category`
--

INSERT INTO `sys_category` (`categoryid`, `categoryname`, `recordstatus`) VALUES
(1, 'Adhesive', 4),
(2, 'Wood', 4),
(3, 'Tatay', 4),
(4, 'Nanay', 4);

-- --------------------------------------------------------

--
-- Table structure for table `sys_group`
--

CREATE TABLE `sys_group` (
  `groupid` int(11) NOT NULL,
  `groupname` varchar(100) NOT NULL,
  `recordstatus` tinyint(4) NOT NULL
) ENGINE=InnoDB DEFAULT CHARSET=latin1;

--
-- Dumping data for table `sys_group`
--

INSERT INTO `sys_group` (`groupid`, `groupname`, `recordstatus`) VALUES
(2, 'Non Moving Report', 4),
(3, 'Daily Inventory Report', 4),
(4, 'Yearly Pcount', 4),
(20, 'ouch', 4),
(21, 'asdasdas', 4),
(22, 'asdwxaaa', 4),
(23, 'Reverie', 4),
(24, 'isda', 4);

-- --------------------------------------------------------

--
-- Table structure for table `sys_holiday`
--

CREATE TABLE `sys_holiday` (
  `holidayid` smallint(6) NOT NULL,
  `holidayname` varchar(100) NOT NULL,
  `holidaydate` varchar(100) NOT NULL,
  `recordstatus` tinyint(4) NOT NULL
) ENGINE=InnoDB DEFAULT CHARSET=latin1;

--
-- Dumping data for table `sys_holiday`
--

INSERT INTO `sys_holiday` (`holidayid`, `holidayname`, `holidaydate`, `recordstatus`) VALUES
(1, 'Christmas Day', '2020-01-25', 4),
(2, 'All Souls', '2020-01-11', 4),
(3, 'ASD', '2020-03-10', 4),
(4, 'ASD', '2020-03-18', 0),
(5, 'ASD', '2021-03-18', 0),
(6, 'INOL', '2020-01-01', 4),
(7, 'INOL', '2020-03-10', 4),
(8, 'ASD', '2020-03-10', 4),
(9, 'INOL', '2020-01-01', 4),
(10, 'Testing of New Data', '2020-01-02', 4),
(11, 'abipa', '2020-01-01', 4),
(12, 'new data', '1201-12-12', 4),
(13, 'Yeah', '2023-01-01', 4),
(14, 'ouch', '0012-12-12', 4),
(15, 'newaw', '2020-01-01', 4),
(16, 'alibata', '2020-01-03', 4);

-- --------------------------------------------------------

--
-- Table structure for table `sys_role`
--

CREATE TABLE `sys_role` (
  `roleid` int(11) NOT NULL,
  `rolename` varchar(100) NOT NULL,
  `recordstatus` tinyint(4) NOT NULL
) ENGINE=InnoDB DEFAULT CHARSET=latin1;

--
-- Dumping data for table `sys_role`
--

INSERT INTO `sys_role` (`roleid`, `rolename`, `recordstatus`) VALUES
(1, 'Team Leader', 4),
(2, 'Assistant Team Leader', 4),
(3, 'SII/Encoder', 4),
(4, 'CIC', 4);

-- --------------------------------------------------------

--
-- Table structure for table `sys_status`
--

CREATE TABLE `sys_status` (
  `statusid` int(11) NOT NULL,
  `statusname` varchar(200) NOT NULL
) ENGINE=InnoDB DEFAULT CHARSET=latin1;

--
-- Dumping data for table `sys_status`
--

INSERT INTO `sys_status` (`statusid`, `statusname`) VALUES
(1, 'Open'),
(2, 'Posted'),
(3, 'Closed'),
(4, 'Active'),
(5, 'Inactive'),
(6, 'Approved');

-- --------------------------------------------------------

--
-- Table structure for table `sys_users`
--

CREATE TABLE `sys_users` (
  `userid` int(11) NOT NULL,
  `username` varchar(100) NOT NULL,
  `userpassword` varchar(100) NOT NULL,
  `recordstatus` int(11) NOT NULL,
  `roleid` int(11) NOT NULL,
  `productcategoryid` int(11) NOT NULL,
  `personnelname` varchar(100) NOT NULL
) ENGINE=InnoDB DEFAULT CHARSET=latin1;

--
-- Dumping data for table `sys_users`
--

INSERT INTO `sys_users` (`userid`, `username`, `userpassword`, `recordstatus`, `roleid`, `productcategoryid`, `personnelname`) VALUES
(1, 'admintl', '1', 1, 1, 3, 'Savitar'),
(2, 'adminatl', '1', 1, 2, 2, 'Filo'),
(3, 'encoder', '1', 1, 3, 4, 'name 3'),
(4, 'CIC', '1', 1, 4, 4, 'ho user'),
(5, 'Apit', '1', 1, 2, 2, 'December'),
(6, 'admin12334', '1', 1, 2, 1, 'Person1 '),
(7, 'test', '1', 1, 2, 1, '11'),
(8, 'sa', '1', 1, 4, 1, '1'),
(9, 'denim123', '129010', 1, 3, 2, '111'),
(10, 'denimz', '123123123', 1, 1, 2, '3123123'),
(11, 'suduwuduu', '12212', 1, 2, 4, 'Pait'),
(12, 'wapapapit', '1', 1, 2, 4, '1');

-- --------------------------------------------------------

--
-- Table structure for table `temp_data`
--

CREATE TABLE `temp_data` (
  `barcode` varchar(100) NOT NULL,
  `onhand` int(11) NOT NULL
) ENGINE=InnoDB DEFAULT CHARSET=latin1;

-- --------------------------------------------------------

--
-- Table structure for table `temp_product`
--

CREATE TABLE `temp_product` (
  `INVENTORY_ITEM_ID` int(11) NOT NULL,
  `ORGANIZATION_ID` int(11) NOT NULL,
  `BARCODE` varchar(300) NOT NULL,
  `DESCRIPTION` varchar(300) NOT NULL,
  `LEGACYBARCODE` varchar(300) NOT NULL,
  `PRIMARY_UNIT_OF_MEASURE` varchar(300) NOT NULL,
  `VENDORCODE` varchar(300) NOT NULL,
  `VENDOR_NAME` varchar(300) NOT NULL,
  `BRANDID` varchar(300) NOT NULL,
  `BRANDNAME` varchar(300) NOT NULL,
  `DIVISIONID` varchar(300) NOT NULL,
  `DIVISIONNAME` varchar(300) NOT NULL,
  `DEPARTMENTID` varchar(300) NOT NULL,
  `DEPARTMENTNAME` int(11) NOT NULL,
  `CATEGORYID` varchar(300) NOT NULL,
  `CATEGORYNAME` varchar(300) NOT NULL,
  `SUBCATEGORYID` varchar(300) NOT NULL,
  `SUBCATEGORYNAME` varchar(300) NOT NULL,
  `FIXED_LOT_MULTIPLIER` int(11) NOT NULL,
  `STOCK_ENABLED_FLAG` varchar(300) NOT NULL,
  `ONHAND` int(11) NOT NULL
) ENGINE=InnoDB DEFAULT CHARSET=latin1;

--
-- Indexes for dumped tables
--

--
-- Indexes for table `admin`
--
ALTER TABLE `admin`
  ADD PRIMARY KEY (`adParentId`);

--
-- Indexes for table `inv_batch`
--
ALTER TABLE `inv_batch`
  ADD PRIMARY KEY (`batchid`);

--
-- Indexes for table `inv_batch_cancelled`
--
ALTER TABLE `inv_batch_cancelled`
  ADD PRIMARY KEY (`rowid`);

--
-- Indexes for table `inv_masterproduct`
--
ALTER TABLE `inv_masterproduct`
  ADD PRIMARY KEY (`productid`);

--
-- Indexes for table `inv_product`
--
ALTER TABLE `inv_product`
  ADD PRIMARY KEY (`productid`);

--
-- Indexes for table `inv_schedule`
--
ALTER TABLE `inv_schedule`
  ADD PRIMARY KEY (`scheduleid`);

--
-- Indexes for table `reporttype`
--
ALTER TABLE `reporttype`
  ADD PRIMARY KEY (`reportid`);

--
-- Indexes for table `res_variable`
--
ALTER TABLE `res_variable`
  ADD PRIMARY KEY (`variableid`);

--
-- Indexes for table `schedule`
--
ALTER TABLE `schedule`
  ADD PRIMARY KEY (`schedid`);

--
-- Indexes for table `sys_activedate`
--
ALTER TABLE `sys_activedate`
  ADD PRIMARY KEY (`dateid`);

--
-- Indexes for table `sys_category`
--
ALTER TABLE `sys_category`
  ADD PRIMARY KEY (`categoryid`);

--
-- Indexes for table `sys_group`
--
ALTER TABLE `sys_group`
  ADD PRIMARY KEY (`groupid`);

--
-- Indexes for table `sys_holiday`
--
ALTER TABLE `sys_holiday`
  ADD PRIMARY KEY (`holidayid`);

--
-- Indexes for table `sys_role`
--
ALTER TABLE `sys_role`
  ADD PRIMARY KEY (`roleid`);

--
-- Indexes for table `sys_status`
--
ALTER TABLE `sys_status`
  ADD PRIMARY KEY (`statusid`);

--
-- Indexes for table `sys_users`
--
ALTER TABLE `sys_users`
  ADD PRIMARY KEY (`userid`);

--
-- AUTO_INCREMENT for dumped tables
--

--
-- AUTO_INCREMENT for table `admin`
--
ALTER TABLE `admin`
  MODIFY `adParentId` int(11) NOT NULL AUTO_INCREMENT;

--
-- AUTO_INCREMENT for table `inv_batch`
--
ALTER TABLE `inv_batch`
  MODIFY `batchid` int(11) NOT NULL AUTO_INCREMENT, AUTO_INCREMENT=2;

--
-- AUTO_INCREMENT for table `inv_batch_cancelled`
--
ALTER TABLE `inv_batch_cancelled`
  MODIFY `rowid` bigint(20) NOT NULL AUTO_INCREMENT;

--
-- AUTO_INCREMENT for table `inv_masterproduct`
--
ALTER TABLE `inv_masterproduct`
  MODIFY `productid` bigint(20) NOT NULL AUTO_INCREMENT;

--
-- AUTO_INCREMENT for table `inv_product`
--
ALTER TABLE `inv_product`
  MODIFY `productid` bigint(20) NOT NULL AUTO_INCREMENT, AUTO_INCREMENT=433;

--
-- AUTO_INCREMENT for table `inv_schedule`
--
ALTER TABLE `inv_schedule`
  MODIFY `scheduleid` bigint(20) NOT NULL AUTO_INCREMENT, AUTO_INCREMENT=731;

--
-- AUTO_INCREMENT for table `reporttype`
--
ALTER TABLE `reporttype`
  MODIFY `reportid` int(11) NOT NULL AUTO_INCREMENT, AUTO_INCREMENT=4;

--
-- AUTO_INCREMENT for table `res_variable`
--
ALTER TABLE `res_variable`
  MODIFY `variableid` int(11) NOT NULL AUTO_INCREMENT, AUTO_INCREMENT=3;

--
-- AUTO_INCREMENT for table `schedule`
--
ALTER TABLE `schedule`
  MODIFY `schedid` int(11) NOT NULL AUTO_INCREMENT, AUTO_INCREMENT=5;

--
-- AUTO_INCREMENT for table `sys_activedate`
--
ALTER TABLE `sys_activedate`
  MODIFY `dateid` bigint(20) NOT NULL AUTO_INCREMENT, AUTO_INCREMENT=732;

--
-- AUTO_INCREMENT for table `sys_category`
--
ALTER TABLE `sys_category`
  MODIFY `categoryid` int(11) NOT NULL AUTO_INCREMENT, AUTO_INCREMENT=5;

--
-- AUTO_INCREMENT for table `sys_group`
--
ALTER TABLE `sys_group`
  MODIFY `groupid` int(11) NOT NULL AUTO_INCREMENT, AUTO_INCREMENT=25;

--
-- AUTO_INCREMENT for table `sys_holiday`
--
ALTER TABLE `sys_holiday`
  MODIFY `holidayid` smallint(6) NOT NULL AUTO_INCREMENT, AUTO_INCREMENT=17;

--
-- AUTO_INCREMENT for table `sys_role`
--
ALTER TABLE `sys_role`
  MODIFY `roleid` int(11) NOT NULL AUTO_INCREMENT, AUTO_INCREMENT=5;

--
-- AUTO_INCREMENT for table `sys_status`
--
ALTER TABLE `sys_status`
  MODIFY `statusid` int(11) NOT NULL AUTO_INCREMENT, AUTO_INCREMENT=7;

--
-- AUTO_INCREMENT for table `sys_users`
--
ALTER TABLE `sys_users`
  MODIFY `userid` int(11) NOT NULL AUTO_INCREMENT, AUTO_INCREMENT=13;
COMMIT;

/*!40101 SET CHARACTER_SET_CLIENT=@OLD_CHARACTER_SET_CLIENT */;
/*!40101 SET CHARACTER_SET_RESULTS=@OLD_CHARACTER_SET_RESULTS */;
/*!40101 SET COLLATION_CONNECTION=@OLD_COLLATION_CONNECTION */;
