1080100064811,8088700873706,GLUE MASTER HD WOOD PARQUET 1KL
1080100064828,8088700873713,GLUE MASTER VINYL 1KL
1080100064842,8088700875328,GYPSUM PUTTY MASTER 25KG PAIL
1080100064835,8088700873720,GYPSUM PUTTY MASTER GAL
1080100064859,8088700875335,MASONRY WALL PUTTY MASTER 1GAL
1090100086997,8107700809369,GLUE MASTER 196NH1 CONTACT CEMENT GAL.
1090100087000,8107700809383,GLUE MASTER POWER LIQUID NAILS TUBE 300CC/ML
1090100087208,8107700815377,GLUE MASTER T-NP2012 VINYL GAL.
1090100087215,8107700815384,GLUE MASTER T-PR5007H WOOD PARQUET GAL.
1090100101850,8125600891949,PU FOAM MASTER 300ML
1090100101867,8125600891956,PU FOAM MASTER 500ML
1080100098199,8118600867724,SEALANT MASTER W88 FLEXIBLE GAP FILLER
1090100091472,8111600864816,SILICONE TUBE SEALANT MASTER A11 ACETIC CLEAR
1090100098181,8118600864822,SILICONE TUBE SEALANT MASTER N33 NEUTRAL CLEAR
1090100447484,8110200987642,GLUE MASTER B72 WOOD PARQUET 250G
1090100447187,8110200987468,GLUE MASTER B2 WOOD PARQUET 4L
1090100447170,8110200987451,GLUE MASTER B10 WOOD PARQUET 1L
1090100447156,8110200987437,SOLVENT CEMENT B24 MASTER 400ML
1090100447149,8110200987420,SOLVENT CEMENT B24 MASTER 100ML
1090100447163,8110200987475,SUPER GLUE 288 MASTER 3G
